1,Brenda,San Francisco,27-(102)133-1811,1st,bsanchez0,P4IL6xImO,brichards0@bbc.co.uk,61.92,95320.45
2,Judith,Boston,976-(530)697-4120,Manufacturers,jlittle1,6fatlEMov,jmason1@biglobe.ne.jp,64.58,76120.80
3,Kelly,San Francisco,7-(199)507-5987,Vidon,kgraham2,zHjQ0gkPrm,kmiller2@sina.com.cn,31.56,35673.78
4,Catherine,Boston,39-(820)636-0133,Shoshone,csims3,wz7LD3,cchavez3@privacy.gov.au,25.05,
5,Gary,New York,46-(687)526-2381,Gale,gfernandez4,8ahK3MV,grichardson4@nydailynews.com,42.56,40991.81
6,Juan,New York,7-(645)111-1082,Hovde,jfuller5,AHgzLPTV,jpeterson5@nyu.edu,46.71,105252.26
7,Mark,New York,46-(153)488-8378,Corscot,mharper6,BGeCYfU0Mj7,mharvey6@myspace.com,41.74,
8,Kenneth,Chicago,33-(204)133-7284,Old Gate,kfrazier7,HBetgVufMp,krussell7@quantcast.com,24.96,
9,Randy,San Francisco,359-(310)194-3862,Kensington,rbryant8,ITNukEpHAJ7,roliver8@businessweek.com,33.76,
10,Jean,San Francisco,62-(702)600-6304,Londonderry,jgordon9,Zp0lqha3bI,jwilliamson9@shop-pro.jp,55.03,
11,Scott,Boston,86-(139)647-4485,Sunfield,scampbella,1UnEG9oAj5O,sfernandeza@spotify.com,26.12,70282.36
12,Benjamin,New York,420-(860)942-7969,Paget,bwardb,er2rkjetdpAj,bwatsonb@clickbank.net,46.55,39276.25
13,Adam,New York,351-(777)540-6627,Forest Dale,agarrettc,RkH4PI1eoMZP,areyesc@ebay.com,50.91,34357.92
14,Joe,New York,86-(951)312-0652,Nancy,jdixond,fhyEZiNPZ,jburtond@ifeng.com,62.10,54837.48
15,Tina,Chicago,,Hoepker,tsimpsone,2QPR1UZ690it,tfowlere@cyberchimps.com,,83609.05
16,Larry,New York,86-(802)199-5042,Huxley,lchapmanf,om1bs3,lmartinf@harvard.edu,37.90,66805.15
17,Harry,Boston,48-(694)312-3793,Autumn Leaf,hparkerg,sOGDycZT,hhansong@state.tx.us,34.03,36279.24
18,Albert,San Francisco,86-(731)371-0502,Pond,apetersonh,eqftd0xhtWl,ahansenh@mit.edu,46.28,115229.77
19,Edward,New York,86-(362)351-7427,Ridgeway,ejordani,qc4R3oRMggf,epaynei@buzzfeed.com,35.85,64054.14
20,Jerry,Chicago,7-(165)216-2230,Jana,jrobinsonj,lSxbO6GAtD,jcooperj@purevolume.com,57.56,51912.45
21,Carlos,New York,1-(540)661-1309,Mendota,ccrawfordk,3EJ60uqM4,cclarkk@sciencedirect.com,41.08,
22,Lawrence,San Francisco,86-(613)804-3449,Bay,lpowelll,de85D6c74X,lburkel@live.com,55.92,42593.13
23,Virginia,Chicago,62-(970)451-3865,Fuller,vshawm,gRK6FZEm,vgilbertm@mlb.com,59.50,90533.70
24,Peter,New York,,Mockingbird,phansonn,ZaHfru36R,pjonesn@wordpress.org,,48296.35
25,Daniel,Boston,880-(751)595-7477,Londonderry,ddaviso,1KecqsheJ91I,dadamso@tinyurl.com,60.53,38684.28
26,Antonio,San Francisco,62-(497)579-4931,Anniversary,aandersonp,DA6e2VvV,amillerp@seesaa.net,62.89,111284.59
27,Gary,San Francisco,62-(417)171-4080,Mcguire,gmillerq,43TSPg1DiG,glawsonq@wix.com,56.26,88784.84
28,Kevin,Chicago,,Bluejay,khudsonr,NMJPUvcscKN,kwatkinsr@spiegel.de,,56709.65
29,Judy,Boston,86-(821)401-1442,Sachs,jgarretts,ZXbzS66O,jknights@wikimedia.org,63.31,63456.05
30,Douglas,Boston,63-(831)603-9417,Judy,dalvarezt,aTB0fkHN,dbennettt@sourceforge.net,42.96,62508.98
31,Irene,Chicago,20-(347)665-0198,Sunnyside,iwellsu,iQZeitbf8Eu,irossu@histats.com,23.65,89415.77
32,Harry,San Francisco,86-(225)250-8474,Utah,hvasquezv,eNxdkP95qS,hcampbellv@cargocollective.com,57.66,105933.02
33,Dennis,San Francisco,,Manitowish,dcarrw,IWkMm4sswmDL,dharrisw@tiny.cc,,76156.33
34,Laura,Boston,92-(545)114-1025,Welch,lelliottx,756TpX5XNL2,lharperx@php.net,55.90,110996.16
35,Thomas,New York,86-(876)809-4156,Lake View,tspencery,hoEhDbAOX,tburtony@amazon.de,23.91,34536.06
36,Helen,Chicago,62-(766)545-2974,Amoth,holiverz,Mjp5Yci7igPF,hhughesz@joomla.org,48.73,44846.69
37,Jason,Chicago,62-(979)921-5533,Lakewood Gardens,jkim10,0aZXIe,jlawson10@tripod.com,42.83,69888.49
38,Jesse,Boston,351-(478)687-4299,International,jhunter11,Pii24ox,jdaniels11@jugem.jp,45.67,84540.67
39,Bobby,San Francisco,242-(228)624-3513,Longview,bgilbert12,gvCGMcgzLZ,bwilson12@aboutads.info,39.60,93165.28
40,Tina,San Francisco,52-(978)593-8725,Stoughton,twarren13,bY7t05SpMi,tjenkins13@merriam-webster.com,51.54,111481.80
41,Anna,San Francisco,54-(493)816-5666,Northfield,aburton14,VBshALer,agreene14@digg.com,49.89,40541.83
42,Diana,Chicago,62-(764)825-2302,Prairie Rose,dhanson15,mvBRmQTtrlo3,dwatkins15@cbsnews.com,25.48,54351.58
43,Sean,Chicago,380-(748)240-3823,Bultman,sthompson16,EChaT8JFV,shicks16@washingtonpost.com,47.27,73214.72
44,Marilyn,New York,976-(571)803-6414,Grover,mgarcia17,skBLZ9l,mkelley17@lycos.com,40.43,60437.58
45,Andrew,Chicago,,Truax,avasquez18,rQS6GQvlsY9,amartinez18@1und1.de,,112454.52
46,Jack,San Francisco,62-(965)387-4136,Dixon,jjackson19,7g6WcDAGgh,jcooper19@creativecommons.org,55.95,106235.87
47,Kathryn,Chicago,880-(325)260-4781,Pawling,khicks1a,qGa86oU6fwoW,kgrant1a@whitehouse.gov,61.25,115194.24
48,Aaron,New York,92-(191)443-2760,Miller,aandrews1b,aUX7hNZg,aandrews1b@cocolog-nifty.com,61.85,119165.50
49,Albert,Chicago,62-(821)696-9536,Westport,ajames1c,Xr9wR4tYCf,atucker1c@usnews.com,55.34,102094.71
50,Deborah,Chicago,998-(666)263-5172,Bellgrove,dbanks1d,OoZyCT0rhvNu,dbarnes1d@123-reg.co.uk,33.90,116253.06
51,Shawn,Boston,86-(413)966-0778,Dovetail,sward1e,KRFKNl,sbennett1e@sciencedaily.com,25.60,59012.96
52,Aaron,San Francisco,994-(837)387-0939,Redwing,aburns1f,4Yn9quEN6ExP,alawrence1f@twitter.com,47.97,91241.64
53,Diane,Chicago,972-(399)760-0118,Lawn,dbrown1g,r7hP4q,dchapman1g@de.vu,27.54,75940.63
54,Russell,New York,62-(681)622-8239,Stephen,rwilson1h,34ifIQdJL58,rkennedy1h@stanford.edu,45.58,51019.50
55,Steven,Chicago,55-(702)818-6046,Maywood,swest1i,tSsthrI,slynch1i@cnet.com,31.79,82566.52
56,Brandon,San Francisco,1-(166)451-6941,Armistice,bgeorge1j,Q1IXiV5VsAu,bchavez1j@sina.com.cn,36.42,94626.36
57,Roger,New York,389-(321)763-6572,Havey,rfrazier1k,pCc5c6f6lgJ,rwoods1k@walmart.com,59.04,
58,Brandon,Chicago,967-(377)870-3993,Golf View,bduncan1l,OszL9InRnt37,bharrison1l@scribd.com,34.82,77079.31
59,Kimberly,New York,33-(210)966-2981,High Crossing,ksnyder1m,haGFKhuZovP,khudson1m@dropbox.com,64.88,
60,Timothy,New York,226-(633)935-6181,Bluestem,tmontgomery1n,jQ9KrnH,towens1n@vk.com,38.17,
61,Judith,San Francisco,353-(297)960-3143,Scoville,jstephens1o,lKA3ZB,jgreene1o@yahoo.com,41.24,111185.14
62,Phillip,Boston,1-(408)102-4366,Rigney,pgonzales1p,OCWlwu,ptucker1p@over-blog.com,61.38,49240.25
63,Christopher,San Francisco,39-(449)697-1294,Welch,cwilliamson1q,Mmndrt,ccole1q@opensource.org,30.35,
64,Rachel,Chicago,48-(467)683-6079,Bay,rkennedy1r,oiBybbxsd,rporter1r@ovh.net,58.66,
65,Richard,Boston,502-(240)781-9750,Anhalt,rblack1s,6QfEviq5rKG,rwatson1s@oakley.com,40.53,99646.29
66,Dorothy,New York,1-(646)297-5242,Florence,ddavis1t,lY5p8tc77h,dking1t@booking.com,36.24,77998.47
67,Rebecca,Chicago,,Wayridge,rchavez1u,dVMCU6dpnT,rperry1u@symantec.com,,
68,Catherine,San Francisco,7-(674)976-6343,Nevada,cmorris1v,45oLWWUj,cmurray1v@mtv.com,29.00,86812.30
69,Steve,San Francisco,46-(634)726-5990,Fair Oaks,slawrence1w,EviQt2,slittle1w@homestead.com,53.26,94906.28
70,Amy,San Francisco,7-(782)234-0347,Village Green,ahenderson1x,0vxSXc7TYEt1,aadams1x@nba.com,48.13,68124.81
71,Jeffrey,San Francisco,1-(312)457-5582,Mifflin,jwilliamson1y,IZdHFD,jmartin1y@163.com,64.43,45937.82
72,Carol,New York,86-(788)550-6323,Ridgeway,cowens1z,LuYb2mF,cwelch1z@prweb.com,62.44,85560.47
73,Kathleen,Chicago,31-(418)983-7510,Jackson,krice20,E2PeVqrIU,kkelley20@wiley.com,61.93,
74,Judy,Chicago,,Truax,jkelley21,oKpGLJAG,jnichols21@webnode.com,,
75,Charles,San Francisco,86-(489)123-2611,Anderson,csimmons22,Rrqr1F0,cyoung22@cisco.com,22.11,
76,Lois,New York,420-(130)355-9900,Redwing,lphillips23,Ch9Yzs8k,lrichards23@vk.com,37.36,72093.67
77,Shirley,Chicago,86-(770)249-9855,Merchant,saustin24,nIN05T,spowell24@house.gov,40.25,
78,Rachel,San Francisco,36-(566)241-0441,Mallard,rhowell25,IEwVuYoSp,rmccoy25@parallels.com,53.70,95935.57
79,Sandra,Boston,62-(249)434-1556,Macpherson,sgordon26,lClbnV,shudson26@oracle.com,42.56,60294.31
80,Carolyn,San Francisco,685-(191)660-8240,Eggendart,cbaker27,5NjxYu,cdixon27@merriam-webster.com,43.42,82024.74
81,Phillip,San Francisco,33-(979)262-9177,Forest Dale,pwoods28,KewVSjEaT,pallen28@bbb.org,52.39,
82,Judy,Chicago,86-(191)481-2266,Shopko,jhill29,lpQagsnX,jreynolds29@github.io,24.02,81406.21
83,Frank,San Francisco,81-(559)229-2963,Oak Valley,fgomez2a,fNCOu9FdxV,fgibson2a@nifty.com,52.53,
84,Nicole,New York,1-(202)805-6295,Carioca,nreid2b,QsqTIW7IKFwT,nrodriguez2b@vkontakte.ru,37.44,
85,Andrea,Chicago,1-(206)256-3486,Sloan,alittle2c,HakF9Xef5,achapman2c@histats.com,38.81,118323.15
86,Gerald,Chicago,81-(480)848-5626,Reindahl,gburke2d,PPfLAlD3YHrz,gowens2d@hibu.com,57.19,
87,Linda,Boston,351-(624)893-5070,Dapin,lprice2e,mEly3lYfC9,llane2e@globo.com,38.77,60389.28
88,Kathryn,San Francisco,55-(290)890-8665,Meadow Vale,kthomas2f,FzqmUy4ItI4,kpayne2f@shop-pro.jp,46.37,
89,Diane,Chicago,1-(412)670-7616,Goodland,dturner2g,NmRn1Vh,dkim2g@cisco.com,29.46,112910.37
90,Russell,Boston,234-(325)274-6701,Dayton,rnelson2h,osYWGd,rstevens2h@bandcamp.com,42.98,
91,Arthur,San Francisco,358-(953)101-9518,Merrick,awells2i,q5G2Wl,anguyen2i@soup.io,21.25,72070.28
92,Carl,San Francisco,63-(530)793-0248,Stang,ccarpenter2j,jt7h9UhFe,cstewart2j@reddit.com,27.99,70341.50
93,Edward,Chicago,86-(457)290-3318,Waxwing,eward2k,p7xlXZDr,edunn2k@chronoengine.com,44.67,42896.16
94,Nancy,New York,51-(585)988-0098,Graedel,nmurray2l,ud4JsinB,nmontgomery2l@stumbleupon.com,39.26,37828.26
95,Dennis,New York,54-(625)771-2875,Eagan,dgardner2m,IbkhcErZ,dpierce2m@thetimes.co.uk,52.30,66448.66
96,Rebecca,Chicago,62-(210)390-9158,Tennessee,rmason2n,bIlLXoON,rhill2n@last.fm,37.11,
97,Douglas,San Francisco,,North,dhill2o,PKpZ2pl2kid,dbishop2o@google.it,,47799.68
98,Russell,Boston,63-(560)267-0033,Wayridge,rpierce2p,EH7UGF,rtucker2p@trellian.com,38.40,99263.51
99,Lillian,New York,94-(414)321-4578,Mccormick,lbailey2q,wKrllKILK,lallen2q@4shared.com,35.38,92359.48
100,Jane,New York,86-(550)802-2603,Merrick,jadams2r,y6U5ESq,jmoore2r@technorati.com,49.37,67522.81
101,Victor,New York,55-(724)314-2444,Delladonna,vpierce2s,1u43es,vmarshall2s@1und1.de,36.42,62019.12
102,William,San Francisco,7-(498)663-7908,South,wmason2t,nmXxOlPIvmkM,wgordon2t@usatoday.com,60.17,
103,Maria,New York,62-(796)907-8292,La Follette,mfreeman2u,mXmbaJSLi,mpatterson2u@goodreads.com,61.01,78361.17
104,Kathy,San Francisco,62-(847)834-5132,Granby,kdaniels2v,PZbvvLq,kcunningham2v@wunderground.com,30.00,43573.08
105,William,San Francisco,63-(342)557-8184,Nova,whicks2w,kbVK5rNcvIwx,wking2w@php.net,39.11,104134.99
106,Johnny,Chicago,86-(814)213-0339,Susan,jandrews2x,ZoJFyP,jross2x@dmoz.org,50.05,
107,Andrea,San Francisco,976-(119)221-6115,Walton,awright2y,Uy5YDHY60mqn,agarrett2y@vistaprint.com,30.33,85189.33
108,Beverly,San Francisco,86-(528)258-0848,Dottie,bbennett2z,TOFcvKej,bwright2z@nyu.edu,23.38,37548.77
109,Melissa,Boston,55-(371)598-3897,Morning,mschmidt30,EzuLy1uSRhe,mbanks30@umn.edu,29.37,53777.14
110,Ashley,Chicago,353-(798)470-0364,Waxwing,apalmer31,XE6nRlPJ,aburke31@epa.gov,34.68,105437.69
111,Janice,Boston,52-(491)853-6053,Corben,jwest32,fC8di8GDlC,jnichols32@cpanel.net,32.11,88817.25
112,Thomas,Chicago,371-(781)331-8072,Morrow,tlarson33,2yvhCPP,tlynch33@ucsd.edu,21.50,89435.16
113,Judy,San Francisco,86-(456)126-5922,Talisman,jdavis34,prery9f96,jknight34@zimbio.com,39.98,54950.69
114,Christine,San Francisco,380-(491)927-3522,Marcy,canderson35,USgASt3Uun,cmyers35@salon.com,34.54,33332.51
115,Julia,Chicago,7-(598)124-3507,Hudson,jwillis36,udMFIYPDAY,jphillips36@discuz.net,59.84,108150.20
116,Emily,San Francisco,62-(467)805-3468,Autumn Leaf,enichols37,j6QHlYwQ,eweaver37@free.fr,55.22,
117,George,New York,62-(952)962-6855,Lake View,gvasquez38,TWnXoCN,gnguyen38@wikipedia.org,29.00,53323.27
118,Joe,Boston,81-(991)445-2508,Mandrake,jwarren39,WqL3CGCpGUR3,jthompson39@ft.com,56.47,
119,Lawrence,San Francisco,46-(556)166-1168,Upham,lramos3a,f38oXGGACy,llane3a@netvibes.com,50.72,82945.98
120,Tina,Chicago,,Boyd,thughes3b,KePHMR7wge,tsims3b@ameblo.jp,,
121,Barbara,New York,7-(215)424-6512,Fisk,bhenry3c,tp0JL9C,bstevens3c@ow.ly,25.01,
122,Ryan,Boston,33-(531)676-3092,Dixon,rnguyen3d,icjDsR,rjames3d@amazon.de,56.72,74206.45
123,Fred,Boston,62-(622)898-3625,Morningstar,fwatkins3e,jeKX0tbpH4Zl,fferguson3e@google.cn,46.22,
124,Gary,San Francisco,856-(602)118-7888,Moland,ggray3f,3x1VlrvWie4,gsimpson3f@usa.gov,23.88,86919.59
125,Richard,San Francisco,252-(144)231-0631,Vera,rhowell3g,C2NSNM,rbrown3g@miibeian.gov.cn,56.66,46128.61
126,David,San Francisco,62-(229)704-3648,Browning,dgarrett3h,j1HRGT3,dsmith3h@wp.com,59.24,111355.50
127,Alice,Boston,33-(726)231-2642,Rusk,ameyer3i,gNvgoZtM6,agarza3i@goodreads.com,22.55,76042.22
128,Bobby,San Francisco,970-(117)327-5667,Lighthouse Bay,bbryant3j,uIxmzmc2,bjackson3j@loc.gov,25.33,85671.23
129,Sean,New York,33-(842)827-5455,Morning,slawrence3k,xymM9b,sbaker3k@google.com.br,52.08,
130,Willie,Chicago,7-(646)863-5077,Forest Dale,wjordan3l,ZCABbMz,wjames3l@blogtalkradio.com,25.72,
131,Margaret,Boston,51-(813)796-1339,Arrowood,mdiaz3m,sCM843muhnR,msimmons3m@is.gd,49.05,60910.46
132,Rose,San Francisco,1-(716)521-4096,Lyons,rking3n,q67Dkm,rmoreno3n@independent.co.uk,46.38,101812.53
133,Doris,San Francisco,670-(331)179-3110,Anderson,dfernandez3o,phCdyTToICxt,dpalmer3o@live.com,21.13,
134,Billy,Chicago,269-(984)809-1901,Clove,bclark3p,cw5RexZPn,bmccoy3p@flavors.me,41.32,
135,Jacqueline,San Francisco,86-(358)356-3276,Mifflin,jhill3q,lrm5t4Q7eH,jjackson3q@booking.com,63.66,63246.70
136,Sarah,Boston,351-(461)310-9598,Macpherson,sthomas3r,ywsnIxNP0cg,sthomas3r@hubpages.com,61.27,44559.39
137,Walter,New York,370-(367)618-4855,Tomscot,wkim3s,Bg8B0o,wsmith3s@yolasite.com,32.17,
138,Ann,San Francisco,504-(913)727-2449,Marcy,agarrett3t,zY6Q4ftUs,aparker3t@google.nl,50.25,58734.44
139,Billy,Boston,,Washington,blynch3u,ZRAIFRNZDj,bharvey3u@chicagotribune.com,,32206.94
140,Kelly,Chicago,1-(957)377-2863,Golden Leaf,kross3v,6CRXUTlq6v,kkennedy3v@odnoklassniki.ru,50.67,
141,Adam,San Francisco,62-(992)729-6027,Holy Cross,aalexander3w,wV7iH95KjL5a,acarter3w@baidu.com,56.22,97620.22
142,Diane,Chicago,66-(308)226-4143,Mandrake,dholmes3x,YEoTJVsLfX0,dford3x@ustream.tv,27.27,94043.69
143,Juan,Boston,506-(930)805-6346,Buell,jhughes3y,OEYjuly,jking3y@chronoengine.com,55.77,57436.10
144,Albert,New York,46-(795)497-7734,Oxford,awillis3z,cm8NhMN56v,ataylor3z@chicagotribune.com,37.16,95108.67
145,Pamela,New York,51-(396)344-1177,Messerschmidt,pcook40,9ZlIcs,phenderson40@i2i.jp,54.03,50900.46
146,Jesse,New York,387-(917)488-8726,Harbort,jjordan41,QAoJ7qaz,jholmes41@51.la,41.61,99116.89
147,Karen,New York,55-(744)383-0283,Maywood,kkelly42,FVc1XtF,kpalmer42@wiley.com,56.33,
148,Larry,Boston,86-(785)582-6766,Surrey,lschmidt43,8N76SOWHPr,lwilliamson43@tmall.com,64.77,44280.53
149,Kathleen,New York,62-(543)833-4098,International,kalexander44,YUabch8a,kadams44@yahoo.co.jp,39.91,104920.97
150,Paul,New York,86-(317)405-7821,Scoville,ppeterson45,HSOotv5SD,pkelly45@g.co,50.14,33019.51
151,Thomas,New York,380-(688)679-7608,Utah,tjones46,RLOZ2ssDBRi,tcastillo46@vistaprint.com,29.34,
152,Billy,New York,86-(855)738-0899,Pierstorff,bross47,QGFCjQwcD,btaylor47@wisc.edu,64.99,
153,Louise,New York,7-(503)526-8527,Kipling,lpowell48,sxGadKAMywx,lbanks48@livejournal.com,34.75,116995.84
154,Anthony,New York,7-(763)678-1675,Scofield,agonzales49,IlAZfSd8AB42,aellis49@phpbb.com,45.31,119798.57
155,Scott,Chicago,63-(289)431-2218,Cherokee,sfields4a,DoqIPwhlg,sthomas4a@networkadvertising.org,58.90,
156,Martha,New York,55-(614)435-5470,Bluestem,mmarshall4b,xidL8HeU5Ku,mwarren4b@delicious.com,22.44,
157,Louise,San Francisco,86-(749)161-6575,Bobwhite,lreyes4c,7kqIGHtfz,lprice4c@elegantthemes.com,40.45,
158,Carlos,Chicago,380-(238)281-2855,Dakota,cnelson4d,aODrWl1,csanders4d@timesonline.co.uk,31.95,48657.87
159,Fred,San Francisco,63-(954)618-3450,Crowley,fclark4e,46rnfDN,fmurray4e@4shared.com,44.52,70153.60
160,Raymond,San Francisco,216-(453)420-9407,Southridge,rowens4f,KMVc9EQ,rcarter4f@dmoz.org,36.97,
161,Matthew,San Francisco,86-(594)761-8600,Arkansas,mmills4g,06kgXis,mhowell4g@sogou.com,61.61,40003.12
162,Anthony,San Francisco,234-(317)353-3401,Forest Dale,abutler4h,6ynuptqj6UO,agreene4h@ox.ac.uk,30.37,91281.82
163,Alan,San Francisco,7-(936)803-3951,Fremont,arogers4i,mCF9mjw,amartinez4i@xinhuanet.com,48.83,
164,Ralph,New York,95-(203)869-4232,Sherman,rwood4j,HEOQgOggk,rrobertson4j@illinois.edu,59.65,40430.38
165,Carol,Chicago,1-(834)904-4717,Schurz,chenderson4k,7w5GIKZ1WA37,cwatkins4k@twitpic.com,38.22,
166,Beverly,San Francisco,86-(734)486-9497,Mccormick,belliott4l,4Tf6jPPe8zKx,bsanders4l@usnews.com,26.57,83193.40
167,Brenda,Boston,63-(226)787-0022,Hoffman,bperry4m,NtRWCqqDxXF,bbishop4m@msu.edu,45.43,
168,Cynthia,Boston,48-(353)449-9670,Del Sol,cgreen4n,mLGCeNsOt,callen4n@amazon.com,46.40,
169,Margaret,Boston,86-(423)348-1459,Bunting,mhowell4o,Wupk5I979,mlarson4o@thetimes.co.uk,63.86,112640.34
170,Louise,New York,86-(921)515-6613,Saint Paul,lgreen4p,60qgLLZfbmPh,ldixon4p@shinystat.com,50.97,
171,Elizabeth,Boston,86-(325)643-7162,Green,emurphy4q,Qpi3V3WgL5l,efox4q@parallels.com,23.18,
172,Timothy,Chicago,30-(698)709-9354,Claremont,tsimpson4r,UyFeBIKu4zJ,tday4r@archive.org,53.53,42480.88
173,Mark,Boston,46-(890)162-1033,Arrowood,malexander4s,LfI3McWv7c,mmorgan4s@themeforest.net,35.74,44255.25
174,Gloria,Chicago,55-(242)922-5766,Bunting,gmcdonald4t,RhfVWiJIZ,gwashington4t@cafepress.com,53.46,
175,Rachel,San Francisco,55-(684)237-7757,Brown,rmontgomery4u,edB5mzz9c,rscott4u@state.gov,45.24,30821.48
176,Kathleen,Boston,62-(431)906-0846,Packers,kwilliamson4v,66PkHPl65,kcarroll4v@google.com.hk,64.64,
177,Peter,New York,7-(121)328-1314,Moulton,poliver4w,or77rBwU,proberts4w@huffingtonpost.com,37.96,
178,Katherine,Chicago,351-(139)736-0147,Veith,klopez4x,exhUp8ZTMs,kjohnston4x@yolasite.com,59.47,73962.47
179,Mark,New York,267-(786)948-1572,Bowman,mrobinson4y,9YbUFxn1i7,mcook4y@edublogs.org,46.32,
180,Douglas,New York,,Northport,dknight4z,2lCBtu,dbennett4z@samsung.com,,
181,Jennifer,Boston,86-(438)632-3228,Lake View,jlarson50,mRPO499,jmyers50@eventbrite.com,46.82,30597.99
182,Chris,Chicago,27-(763)525-2233,Manufacturers,callen51,2b72VhADj,cnichols51@ed.gov,31.10,40875.08
183,Kathleen,Chicago,382-(455)699-4841,Kipling,kwelch52,IMFfIqKfFOH,kwoods52@icq.com,55.23,105471.02
184,Gary,Boston,86-(960)352-0127,Algoma,grodriguez53,CGJ4VS,gdavis53@goo.ne.jp,31.20,
185,Scott,New York,7-(942)443-2349,Lerdahl,smarshall54,QPAMpq4PL,snichols54@huffingtonpost.com,47.86,116960.40
186,Peter,Chicago,86-(270)307-1129,Veith,pmontgomery55,ZttdBc,psmith55@mail.ru,60.69,
187,Eric,Chicago,58-(957)493-0799,Anniversary,eray56,NE1eCa,eburns56@comcast.net,49.58,116814.34
188,Kevin,Chicago,62-(606)979-5332,Golf Course,kwood57,tpJw7uiXbEM,kmyers57@theglobeandmail.com,39.79,
189,Phillip,Boston,1-(916)506-1062,Bluestem,pwelch58,msBqhmadC,pelliott58@digg.com,21.36,78812.81
190,Lawrence,San Francisco,62-(629)411-9715,Rusk,lgeorge59,knAXi2t,lbrown59@people.com.cn,24.87,
191,Patricia,Chicago,387-(623)761-2844,Hoepker,price5a,YsmeOQdP,pjames5a@about.com,38.30,102541.83
192,Keith,Chicago,86-(896)164-6414,Heffernan,kholmes5b,4Z203FtiW9,knichols5b@npr.org,37.87,54684.95
193,Adam,New York,237-(217)775-5098,Ludington,abishop5c,2yua9csqK,amorrison5c@indiatimes.com,29.93,80694.57
194,Nicholas,New York,62-(174)525-0583,Artisan,nlynch5d,yHBl1F,njenkins5d@typepad.com,23.01,43523.79
195,Scott,Chicago,92-(765)197-2962,Blue Bill Park,swashington5e,9uoxQJm,ssanders5e@businesswire.com,41.50,58319.71
196,Gary,Chicago,7-(101)313-4660,Browning,gwilliamson5f,09F1pNvTwZkl,gmoore5f@npr.org,32.04,54290.72
197,Mark,New York,7-(653)524-4649,High Crossing,marmstrong5g,J75HkBofMO1,mhenderson5g@exblog.jp,50.66,60641.07
198,John,Chicago,,Dapin,jpatterson5h,VLuKKRJQouLb,jstanley5h@sakura.ne.jp,,
199,Gregory,Boston,46-(836)894-4981,Raven,gcarter5i,GGRrvUq,gdiaz5i@friendfeed.com,21.00,94138.56
200,Sandra,New York,381-(707)664-6462,Commercial,sturner5j,dXfjUSiFBU,ssimmons5j@umich.edu,59.27,
201,Jack,New York,255-(385)534-8939,Browning,jrichardson5k,R77Cd1e,jsims5k@apple.com,42.53,61219.23
202,Jessica,Boston,,Moose,jpierce5l,dagGrYw,jmills5l@census.gov,,
203,Donald,Boston,84-(763)462-1502,Sachs,dlawrence5m,CZLtuDWK1EEp,dchavez5m@last.fm,50.34,75537.45
204,Carolyn,Chicago,86-(296)820-0118,Coolidge,cstevens5n,NgF0kRUNdy5J,ccarr5n@ocn.ne.jp,46.94,102404.13
205,Joyce,Boston,86-(307)127-9433,Bellgrove,jjacobs5o,Sv9aAL3YrkOW,jstone5o@thetimes.co.uk,31.29,83496.41
206,Virginia,San Francisco,1-(918)286-6532,Upham,vhughes5p,GKmUpAE,vstevens5p@taobao.com,30.12,110945.72
207,Diana,Chicago,236-(659)849-8885,Bunting,dtucker5q,HjCARP,dschmidt5q@apple.com,34.17,35742.92
208,Jerry,New York,62-(685)459-7550,Schmedeman,jburton5r,ipvN1Ny4g,jfuller5r@indiegogo.com,30.19,103258.10
209,Daniel,San Francisco,1-(727)772-6234,Parkside,dcarroll5s,feFDSdV0eOe,dward5s@admin.ch,58.23,48804.91
210,Lisa,New York,57-(773)163-8417,Dorton,lburke5t,MMYsKr,lcox5t@taobao.com,60.52,
211,Philip,Chicago,62-(100)230-6457,Steensland,pmccoy5u,wTsJKDcrj6J,ppatterson5u@sohu.com,30.46,89457.17
212,Diana,New York,255-(634)661-5511,Chinook,dnichols5v,pvP6NQ,drogers5v@oaic.gov.au,30.55,63646.26
213,Johnny,Boston,967-(391)258-0952,Heath,jbrooks5w,PO1borpruZ,jjohnson5w@europa.eu,23.68,110284.08
214,Earl,New York,52-(591)884-5759,Lukken,estevens5x,cWzmbQO5GeO,ebowman5x@google.co.jp,40.50,
215,Lois,Boston,62-(940)533-6204,Annamark,lwashington5y,piYNnrZZ,llarson5y@slideshare.net,61.62,54306.44
216,Stephanie,San Francisco,86-(246)874-7397,Lighthouse Bay,smoreno5z,Kdxaldk,sbanks5z@ihg.com,56.55,
217,Linda,New York,389-(360)531-8173,Mendota,lray60,vWm3IU837faB,ldean60@oakley.com,50.29,107876.69
218,Kevin,Chicago,7-(455)202-5876,Sommers,ktorres61,Ty9W70,kmason61@fema.gov,28.55,30205.19
219,Ralph,Chicago,54-(839)217-5044,Grim,rgarcia62,yRLnGft,rfernandez62@whitehouse.gov,55.55,
220,Cynthia,Chicago,62-(717)854-0347,Judy,crichardson63,7iieoYdO2T8,cmitchell63@ucla.edu,39.41,59168.20
221,Louise,Boston,370-(361)288-9986,Annamark,lelliott64,rHgZkm,lhunt64@mac.com,43.71,42510.57
222,Carolyn,San Francisco,86-(593)925-4604,Nova,cfernandez65,2Ehv0FysS,cgutierrez65@yellowpages.com,30.99,46175.49
223,Wanda,New York,63-(286)981-6936,Westport,wholmes66,Si381bm,wmedina66@netlog.com,28.13,84721.11
224,Kelly,San Francisco,64-(224)544-1151,Mcbride,kwallace67,OJYTJqXUNzM,krussell67@irs.gov,57.68,74396.26
225,Donna,Chicago,62-(584)552-2237,Oak,dwagner68,Xe0axzom,dfrazier68@slate.com,24.63,108945.05
226,Jean,San Francisco,86-(956)611-7759,Moland,jgarcia69,mqqWb9hIwxLN,jbowman69@plala.or.jp,51.11,110513.79
227,Scott,Boston,216-(551)210-9571,Bluestem,swoods6a,K9XHVckg9,sperkins6a@dedecms.com,52.66,52611.88
228,Robin,New York,371-(398)213-7141,Gulseth,rhunter6b,FlCRbr7,rgonzales6b@amazonaws.com,24.31,69147.90
229,Johnny,San Francisco,30-(112)553-2908,Everett,jwagner6c,3MfxdMaEkS,jwright6c@shutterfly.com,53.25,99435.44
230,Kevin,New York,33-(625)299-8020,Mallory,kgutierrez6d,pJBrhuTFy1,khill6d@surveymonkey.com,30.88,44270.09
231,Paul,Chicago,351-(605)792-6331,Loeprich,preed6e,fhMi9PjY,pporter6e@tmall.com,24.30,48647.28
232,Stephen,Boston,51-(844)272-5258,Michigan,sburns6f,7efZszcO,showell6f@examiner.com,27.38,
233,Christine,New York,7-(399)726-7840,Village Green,cbutler6g,hDhnPX,cfuller6g@yahoo.co.jp,64.51,66488.05
234,George,San Francisco,55-(825)937-2915,Hayes,gknight6h,nTtN2yj,gmontgomery6h@yale.edu,22.06,64733.54
235,Marilyn,San Francisco,51-(994)128-7439,Park Meadow,mthompson6i,PMGhCflFC,mbrooks6i@dailymail.co.uk,58.86,109692.58
236,Robin,San Francisco,62-(127)867-7099,Porter,rphillips6j,B5AKWHIYtV,rellis6j@printfriendly.com,39.74,79226.57
237,Martin,Chicago,33-(357)475-7244,Atwood,mallen6k,YiVGme,mbutler6k@wunderground.com,59.49,94522.33
238,Donna,Boston,234-(380)293-4537,Farragut,dgarrett6l,xxpFgX,dellis6l@aboutads.info,53.40,84409.72
239,Jessica,San Francisco,1-(216)739-5205,Basil,jcruz6m,g2Ux2Y,jdean6m@taobao.com,50.50,
240,Ruby,San Francisco,970-(871)936-5703,Prairie Rose,rcook6n,TVivYPSm,rbradley6n@cocolog-nifty.com,41.62,72583.33
241,Eugene,San Francisco,351-(966)298-7953,Kedzie,ehansen6o,4Q3OrynZ,eyoung6o@statcounter.com,40.56,117979.95
242,Louise,New York,1-(915)381-5389,Shoshone,lrogers6p,LRCTJ3PhA,lboyd6p@google.ru,23.46,66885.97
243,Terry,Boston,30-(746)597-9984,Portage,tdunn6q,Q1KvwWAusV,tbanks6q@blogs.com,33.09,59204.22
244,Nicholas,Boston,230-(443)611-2958,Cottonwood,nwarren6r,kV5H4CLxpmh,nbaker6r@theguardian.com,56.96,
245,Adam,Chicago,33-(123)680-2694,Bartillon,acooper6s,bL9IW7,abrown6s@nih.gov,54.38,33018.05
246,Douglas,New York,62-(703)702-2481,Sherman,dgrant6t,EeaqXA9mc6,dwatson6t@wired.com,32.60,
247,Linda,San Francisco,86-(958)629-7776,Macpherson,lcole6u,jvCOZuJxf,lshaw6u@nsw.gov.au,34.81,34618.33
248,Deborah,Chicago,54-(787)209-0454,Lakeland,dburton6v,8uyiITS2ui,dwilliamson6v@fotki.com,52.24,99837.50
249,Raymond,New York,1-(759)985-6008,Rutledge,rkelly6w,jR1Zj7qz,rmurray6w@reverbnation.com,37.96,116913.43
250,Helen,San Francisco,375-(847)733-9657,Lerdahl,hharrison6x,Un52IqC3GL,hburke6x@jimdo.com,42.02,73906.35
251,Matthew,Chicago,86-(259)202-1609,Stoughton,mryan6y,U5lfGc,mlane6y@usa.gov,54.52,87518.68
252,Richard,Boston,387-(247)975-5362,Oriole,rdean6z,EQBZ1vb,rharper6z@wikia.com,63.92,
253,Dennis,New York,,Anzinger,dwelch70,IZyNayB,dweaver70@google.pl,,
254,Jeffrey,Boston,381-(557)340-9004,Mcguire,jlong71,wEVjuOd,jbryant71@fotki.com,42.78,80454.68
255,Thomas,San Francisco,62-(658)527-9674,Springview,tbrown72,S1lsLuRN,tgonzales72@bizjournals.com,61.36,
256,Harold,New York,33-(340)708-3747,Beilfuss,hlittle73,H4m5FiGGb,hrice73@tinypic.com,45.24,
257,Kathryn,Boston,51-(949)892-5327,Mayer,kcarter74,Fau2p3pgYGx1,kbrown74@google.ca,41.86,78251.27
258,Timothy,San Francisco,86-(942)879-5952,Ridge Oak,tgreene75,gVrDdtx,tturner75@myspace.com,49.65,
259,Ashley,San Francisco,57-(173)617-3476,Maryland,arivera76,5qMhY4,acarroll76@state.tx.us,62.25,69791.64
260,Dennis,New York,62-(606)640-2967,Brown,dburke77,RbwdcYqhMZF,dfox77@bandcamp.com,34.82,93724.97
261,Harold,New York,,Reindahl,hmeyer78,H7k655NC,hmontgomery78@jiathis.com,,81198.79
262,Ernest,Chicago,54-(530)394-9710,Dawn,emarshall79,Q3BGX2oI,eryan79@vinaora.com,39.97,
263,Gloria,Chicago,256-(215)688-6778,Superior,gfox7a,U7Vio9REuV,gwright7a@cnet.com,37.18,89681.10
264,Phillip,San Francisco,46-(825)853-9754,Kropf,pbrooks7b,jeVV66NWIGn,pharvey7b@symantec.com,42.97,42262.81
265,Linda,Boston,62-(369)410-6215,Mayer,lbarnes7c,29dh3UP,lburns7c@stumbleupon.com,56.02,71508.91
266,Joshua,San Francisco,62-(867)191-6193,Claremont,jlewis7d,st1o14Ws,jwarren7d@yellowpages.com,43.63,84792.81
267,Paula,San Francisco,357-(590)423-7920,Everett,psullivan7e,ihjOLA5b,pwood7e@sakura.ne.jp,53.80,
268,Benjamin,San Francisco,62-(249)511-5568,Calypso,badams7f,9XdzhjAX,bwatkins7f@icio.us,46.39,106642.58
269,Nancy,San Francisco,372-(488)283-0057,Nevada,nhowell7g,K61mF3On,npayne7g@surveymonkey.com,32.37,
270,Kevin,Boston,380-(386)328-1345,Luster,khanson7h,LKiSPk9ERE,kturner7h@woothemes.com,43.70,
271,Victor,New York,46-(585)183-4099,Jenifer,vprice7i,FSxgmHdAAX1,vtucker7i@diigo.com,23.32,
272,Victor,Chicago,30-(520)943-5092,Gateway,voliver7j,LM9ShdM04gpW,vcox7j@comcast.net,25.12,113109.95
273,Carlos,Boston,54-(264)637-3256,Esch,cjohnson7k,yBHGAH5JNO,ckelly7k@dailymail.co.uk,53.01,97170.09
274,Martin,Boston,7-(263)850-9485,Spohn,mbutler7l,ep14yK,mthomas7l@yellowpages.com,41.59,102744.51
275,Mark,Chicago,372-(252)744-3112,Bowman,mjames7m,arvez866,mferguson7m@huffingtonpost.com,46.07,63562.48
276,Janice,Chicago,964-(643)842-3036,Hovde,jolson7n,sA4YRuSagrll,jbryant7n@eepurl.com,61.89,37194.16
277,Raymond,San Francisco,55-(937)181-8997,Bluestem,rtucker7o,zF2MLDm5IjJ7,rmurphy7o@google.com.au,37.57,
278,Tammy,New York,66-(374)751-4449,Little Fleur,tdixon7p,vJcqPTWXXQq,tmartinez7p@slate.com,31.40,50041.77
279,Mary,Boston,86-(569)676-6958,Brentwood,mlane7q,I3KltgR7i,mphillips7q@si.edu,23.67,104967.99
280,Donna,Boston,7-(390)773-4376,Division,dhoward7r,ploi4gXUF,dharris7r@hibu.com,22.90,
281,Anne,Chicago,47-(545)860-0539,Knutson,apeters7s,pTCRj04VGRS,aoliver7s@ibm.com,60.19,74046.58
282,Kimberly,New York,86-(180)975-2289,Burrows,klittle7t,TMXg1DdK,kalvarez7t@nba.com,32.52,55766.20
283,Craig,Boston,86-(966)280-0587,Hollow Ridge,chowell7u,i08UVNZze,cmorales7u@pen.io,24.20,
284,Russell,Boston,51-(381)404-9685,Manitowish,rpierce7v,uaa4Rdd,rfoster7v@amazon.com,59.15,
285,Nancy,New York,86-(441)951-2490,Larry,nhowell7w,z3IGU5ox,nbutler7w@seattletimes.com,54.95,46855.81
286,Julie,San Francisco,55-(931)514-9178,Warner,jhill7x,bCcCRxwySoA,jkelley7x@ycombinator.com,61.39,89323.25
287,Michelle,Chicago,63-(908)596-7226,Towne,marnold7y,GerCqtSb,mharvey7y@blogger.com,24.35,65682.14
288,Frank,Boston,62-(683)574-3562,Jenna,fjohnson7z,vQNHKm,fhughes7z@tuttocitta.it,61.34,42620.06
289,Jeffrey,Boston,63-(364)619-5090,Golf View,jray80,5DgeAB6d0u,jthomas80@bloomberg.com,22.66,71125.87
290,Harold,San Francisco,593-(374)454-1499,Grim,hperry81,tRRTohwjBG73,hroberts81@360.cn,23.93,
291,Jose,New York,57-(895)296-7291,Oxford,jarnold82,cj0seQ2S0eyv,jharris82@virginia.edu,44.30,95689.47
292,Rachel,Boston,58-(596)736-6954,New Castle,rgonzalez83,sQFhJNSrrgy,rwebb83@typepad.com,52.46,
293,Gary,Chicago,62-(389)353-7695,Mallard,ggonzalez84,DnJW8s3V2,gfrazier84@soup.io,27.09,119308.86
294,Russell,Chicago,98-(296)122-3745,Dixon,rwilson85,4G4CaDovblH,rgomez85@seesaa.net,64.11,52574.79
295,Stephen,San Francisco,86-(170)174-2890,Superior,sjackson86,RsOZoYwu,shicks86@hugedomains.com,32.84,
296,Craig,San Francisco,33-(628)593-8874,Manufacturers,cmitchell87,sBITwjequr,chansen87@surveymonkey.com,53.21,73255.39
297,Catherine,New York,7-(661)307-5034,Colorado,cbradley88,Bold6qg,cwheeler88@delicious.com,26.77,116647.35
298,Andrea,San Francisco,93-(552)813-6510,Drewry,ahenderson89,ZGQiTSYD,agonzales89@ox.ac.uk,38.14,
299,Ann,San Francisco,507-(185)373-2050,Waubesa,awalker8a,FmYr9yd6Len,anelson8a@theglobeandmail.com,36.06,53476.36
300,Juan,Chicago,62-(689)173-5265,Dayton,jcooper8b,C0G3MFZhndT,jwest8b@printfriendly.com,63.92,40940.65
301,Bobby,New York,86-(441)595-6964,Anthes,bharper8c,Zq01FUx5rN,bmontgomery8c@ning.com,53.59,53511.89
302,Raymond,Boston,86-(970)364-8016,Fairview,rmoore8d,Fohs1I2,rhanson8d@etsy.com,57.79,61031.88
303,Harold,New York,358-(293)891-3605,Moulton,hcollins8e,3ZgQEnvb0y4,harnold8e@sphinn.com,31.29,
304,Kenneth,Boston,30-(607)472-0820,Anderson,kmiller8f,kMQE0GqmXeTD,kjames8f@mysql.com,35.86,67688.47
305,Shawn,San Francisco,234-(201)773-9177,Sugar,smatthews8g,SBHDjfR,sramos8g@irs.gov,34.79,
306,Johnny,San Francisco,55-(840)419-6979,Arapahoe,jgonzales8h,vPqlKPqyxx,jramirez8h@narod.ru,59.71,
307,Randy,San Francisco,7-(759)852-9242,Orin,rharris8i,xCMsSCj94,rtucker8i@uol.com.br,59.47,34662.58
308,Albert,New York,82-(974)800-4108,Riverside,alawrence8j,dBczxK,amoreno8j@imdb.com,37.35,
309,Ruby,Boston,7-(401)941-5183,Manitowish,rhernandez8k,IGZPLFJ,rmorgan8k@godaddy.com,62.43,38101.96
310,Martha,San Francisco,54-(919)797-6103,Anzinger,mmedina8l,FWuPsVgVV7F,mreynolds8l@abc.net.au,49.08,31528.61
311,Roger,Boston,7-(173)208-6078,7th,rkelly8m,MBsPMyzTxZha,rlong8m@google.ru,34.22,82283.28
312,Frank,Boston,380-(528)670-9672,Commercial,frichardson8n,0kBezmO,fdixon8n@cnbc.com,47.89,
313,Robin,New York,351-(510)917-1087,Linden,rphillips8o,zKdQTLn721,rjackson8o@epa.gov,23.60,63714.06
314,Laura,Chicago,86-(597)910-5221,Westridge,lolson8p,3TwUAeOtq,lgreene8p@comsenz.com,57.84,40713.66
315,Bobby,San Francisco,63-(214)646-9253,Lakewood Gardens,bhowell8q,jJjROGe2j,bhoward8q@nps.gov,43.92,
316,Lillian,New York,86-(997)324-4429,Montana,lsmith8r,f4DzXRiBZQG,lkim8r@parallels.com,54.21,58959.70
317,Sarah,Boston,7-(502)905-5719,Upham,sfisher8s,trDeOxM,sallen8s@google.fr,56.77,
318,Theresa,San Francisco,86-(512)224-9904,Dayton,tmarshall8t,LUkHmNbf7,tshaw8t@hp.com,50.26,48678.95
319,Charles,New York,62-(237)464-5190,Westport,cbowman8u,zBW44c,caustin8u@wp.com,61.73,82720.52
320,Kenneth,Chicago,212-(777)833-6435,Clyde Gallagher,kellis8v,WbnlFE5e,kpalmer8v@networkadvertising.org,34.68,107159.76
321,Ryan,New York,55-(550)100-3477,Loeprich,rmeyer8w,zst71bNT,rjackson8w@1688.com,25.75,62989.43
322,Sara,Chicago,254-(157)369-0712,Schmedeman,scooper8x,TyLbnaGCpDv,spatterson8x@nbcnews.com,29.35,40353.60
323,Edward,Chicago,52-(352)183-8642,Harbort,erobinson8y,tC9p6G,eanderson8y@pen.io,58.92,96011.61
324,Joyce,Boston,503-(235)452-9551,Milwaukee,jhowell8z,qBaxbu38P2,jyoung8z@huffingtonpost.com,46.64,103713.48
325,Ruth,New York,62-(114)176-8332,Oxford,rgarza90,j4mWrv,rmoreno90@japanpost.jp,57.73,
326,Norma,Boston,48-(946)888-8783,Bobwhite,nperez91,E5LYoUcT,nday91@walmart.com,39.36,81735.10
327,Joseph,New York,1-(310)807-0675,Green,jcruz92,DzgMLyKiVu,jrichards92@cocolog-nifty.com,53.58,
328,David,Boston,353-(126)380-3250,Bluestem,dbowman93,tG4Q4dw,dspencer93@walmart.com,25.07,
329,Kathy,Boston,7-(705)876-3323,Gateway,kallen94,z1SAhkNX1Se,kgonzalez94@bandcamp.com,50.82,
330,Louise,New York,33-(634)737-5957,Nelson,lnguyen95,8xdopt,lstone95@webeden.co.uk,28.92,97947.40
331,Rebecca,Chicago,216-(724)565-9326,Spohn,rwelch96,UXlZyXeCpT,revans96@123-reg.co.uk,48.33,40853.39
332,Judith,San Francisco,46-(838)753-9147,4th,jjohnston97,vdVWhxcBPPc,jromero97@businessinsider.com,44.57,72097.53
333,Mildred,San Francisco,351-(536)174-6113,Cody,mmartinez98,OEBMFG,mrodriguez98@sbwire.com,53.78,56602.82
334,Frances,Chicago,46-(665)142-0805,Kings,fgeorge99,4btzGpRX7K,fjenkins99@stumbleupon.com,37.24,103996.75
335,Annie,Chicago,81-(620)586-0500,Maryland,ajenkins9a,YuUGS91,amorris9a@squidoo.com,31.75,
336,Louise,San Francisco,86-(290)376-4334,Clarendon,lpatterson9b,3ILj44pC1ohu,laustin9b@hugedomains.com,64.17,73492.20
337,Wayne,New York,48-(456)397-5739,5th,wramirez9c,qcloJvyt,wduncan9c@chron.com,28.23,42358.65
338,Wayne,Chicago,86-(833)954-5532,Moulton,wjordan9d,O4iVLnt,wfuller9d@soup.io,40.97,31702.60
339,Sarah,Boston,62-(395)303-7319,Memorial,sfrazier9e,uJXocoDwEq,sgrant9e@sohu.com,40.87,95627.94
340,Dennis,Boston,86-(188)756-0290,Dwight,dortiz9f,r4UzUVfdlY,dsanchez9f@slate.com,31.24,
341,Juan,San Francisco,86-(695)502-2345,Myrtle,jwalker9g,GJtaqo5Z,jgonzalez9g@buzzfeed.com,58.28,42287.75
342,George,San Francisco,86-(798)326-7482,Novick,gdavis9h,3HXZMxDXb,grichardson9h@over-blog.com,62.40,72544.19
343,Lawrence,New York,504-(281)521-9935,Melvin,lstone9i,9C6XLK3wgx5,ldean9i@deviantart.com,43.62,
344,Gregory,New York,55-(992)542-1912,6th,gwhite9j,HLVOdh,gpalmer9j@nymag.com,39.35,
345,Helen,Chicago,62-(363)678-2443,Erie,hcook9k,DEVK6wVxi,hferguson9k@arstechnica.com,32.91,
346,Eugene,New York,93-(274)886-0927,John Wall,escott9l,XPYiSW,ebanks9l@creativecommons.org,55.31,94941.91
347,Jane,San Francisco,66-(329)781-8750,Rockefeller,jgriffin9m,wSuldhqE3,jharper9m@mysql.com,32.98,
348,Andrea,New York,57-(342)867-1752,Northridge,apeters9n,w3K1ysAhTVRQ,aray9n@desdev.cn,38.45,43840.90
349,Daniel,Chicago,63-(722)500-5001,Fulton,dmcdonald9o,Iaru5lL,dporter9o@flavors.me,21.98,66320.84
350,Brian,Chicago,55-(455)296-9150,American,bstevens9p,izA3tL,bnichols9p@clickbank.net,37.88,34237.27
351,Jason,New York,54-(675)727-3796,Crowley,jfields9q,52DFELLhItwc,jduncan9q@free.fr,39.20,34878.85
352,Maria,New York,351-(935)264-1221,Hoard,mlittle9r,GQuIhs6uRXHf,mford9r@netvibes.com,46.61,86275.43
353,Ruby,San Francisco,33-(822)928-2924,Buhler,rnguyen9s,SedO2m3BT,rcarpenter9s@163.com,36.19,
354,Sandra,Chicago,,Kenwood,swatkins9t,SUl1mhow9K,sromero9t@geocities.jp,,
355,Rachel,San Francisco,976-(969)938-7567,Graceland,rmoore9u,sMb5k5,rlee9u@sbwire.com,40.29,99824.62
356,Adam,Chicago,46-(257)725-4682,Melvin,acoleman9v,LiuAA7luA,arice9v@epa.gov,50.65,
357,Angela,New York,,Rutledge,awatkins9w,oIwFPoiQH,aandrews9w@cafepress.com,,
358,Wayne,San Francisco,420-(525)513-6242,Harper,whawkins9x,KcnwI0hZcb3m,wwhite9x@vimeo.com,26.60,37489.47
359,Paula,Chicago,1-(832)932-5248,Blue Bill Park,pfranklin9y,DwNPQirqoBp,phart9y@symantec.com,41.32,44044.99
360,Annie,New York,86-(733)166-0351,Eliot,aking9z,TLIJqfT0bqzd,awatkins9z@smh.com.au,50.60,63250.46
361,Sara,Chicago,380-(992)844-4129,Westport,sbradleya0,b7oFXaH5dBHm,ssimpsona0@mysql.com,39.82,
362,Clarence,New York,47-(140)905-4153,Grim,cramosa1,WLgkfByb0,cmitchella1@weibo.com,62.52,98754.30
363,George,Boston,86-(529)770-5763,Jana,gallena2,kVmgzJ,ghuntera2@1und1.de,31.70,110888.72
364,Phillip,San Francisco,64-(271)437-4244,Graceland,pdiaza3,7jFcMYsRO,pgraya3@chicagotribune.com,35.42,67638.60
365,Kelly,Boston,7-(160)147-6066,Westerfield,kwhitea4,BNYEuYrFa8,kharta4@businessinsider.com,63.97,86528.05
366,Patricia,Boston,86-(699)512-8786,Hoepker,pwilliamsa5,el2jh3w,pmeyera5@pinterest.com,39.86,45168.76
367,Sandra,Chicago,62-(747)329-3179,Melrose,sstonea6,SD5sOkepoVLY,srobertsona6@google.ca,63.10,73866.84
368,Peter,San Francisco,62-(297)651-1803,Longview,pgibsona7,UUzmWf,pwagnera7@diigo.com,36.72,47629.38
369,Angela,San Francisco,1-(415)596-9613,Prairie Rose,aharrisa8,fMEdndD9Tx,acarrolla8@blogger.com,57.34,118612.25
370,Randy,Chicago,374-(883)232-9675,Nevada,rrichardsona9,5zRMI8118,rcolemana9@123-reg.co.uk,22.15,80659.94
371,Rebecca,San Francisco,1-(402)402-1339,Main,rreidaa,FetMsVpj,rpetersaa@posterous.com,37.52,113384.16
372,Matthew,Chicago,62-(653)323-3632,Merrick,mwatkinsab,aYrkyZ,mdiazab@columbia.edu,25.82,89508.63
373,Joan,San Francisco,86-(356)970-7815,Fallview,jmyersac,JbMfR7,jstoneac@independent.co.uk,64.03,
374,Mildred,Chicago,62-(294)153-4208,Merrick,mvasquezad,mxXzTK31X6J,mrosead@arstechnica.com,23.73,75313.93
375,Doris,New York,86-(312)666-4469,Oxford,djamesae,cvHKKB,dgriffinae@cnn.com,55.48,69209.93
376,Jesse,Chicago,351-(722)387-6624,Mockingbird,jkellyaf,I3UP2VdWT,jhernandezaf@mit.edu,52.30,36926.62
377,Rachel,San Francisco,86-(153)545-4665,Milwaukee,rruizag,tVnvcb6nZFGE,rstevensag@globo.com,55.26,
378,Norma,Chicago,63-(793)834-3293,Michigan,ncunninghamah,NNBn9wG4,nstoneah@i2i.jp,29.01,110711.13
379,Kenneth,San Francisco,,Cascade,kdiazai,bW2E9cN,kellisai@google.co.jp,,94062.67
380,Charles,Chicago,505-(228)301-7765,Weeping Birch,cmooreaj,TUITzfs,cgomezaj@163.com,44.09,39548.40
381,Joe,New York,229-(209)426-0431,Walton,jjohnsonak,wTNIwosu2,jstewartak@microsoft.com,48.61,
382,Deborah,New York,55-(682)780-6480,Anzinger,dhudsonal,6iHmRLQ,dcoxal@over-blog.com,58.37,
383,Deborah,New York,55-(502)788-7257,Pierstorff,dberryam,EHmVLun0qGyr,dpetersonam@omniture.com,41.36,54323.43
384,Teresa,New York,33-(262)646-5269,Coolidge,tkellyan,g3Qimt5DSe,tbutleran@livejournal.com,50.15,84046.70
385,Craig,Boston,62-(779)144-9144,Iowa,cwoodsao,ToBkH1JBBfGr,cgomezao@google.com.br,42.40,
386,Marie,Chicago,62-(584)409-1617,Old Shore,mthomasap,D0R8emg6,mhughesap@usda.gov,27.49,67319.03
387,Kimberly,San Francisco,48-(799)542-0438,Loftsgordon,kgomezaq,vjFFC6MIwbz,khallaq@yolasite.com,52.01,
388,Nancy,Boston,86-(160)401-0934,Starling,nbowmanar,Lgx25RVHc,nstonear@ning.com,52.96,30860.47
389,Sara,Chicago,62-(747)646-2302,Merchant,ssimmonsas,FxFsGE,smitchellas@flavors.me,21.90,40080.58
390,Joan,New York,86-(178)212-0388,Bobwhite,jgeorgeat,TIVBfs,jbakerat@bizjournals.com,27.80,79936.48
391,Julie,Boston,54-(676)110-1218,Welch,jwallaceau,RlKzere6Aq2,jriveraau@go.com,21.66,117082.91
392,Irene,San Francisco,,Drewry,idanielsav,NMUVKR,igrantav@businessinsider.com,,
393,Ruby,Boston,850-(648)361-8519,Carpenter,rsullivanaw,VafpNy,rrichardsaw@acquirethisname.com,42.84,99591.06
394,Philip,Boston,260-(505)385-8459,Gale,pcarpenterax,Pxi7n42pOABV,phowellax@earthlink.net,39.77,
395,Terry,Chicago,,Vahlen,tschmidtay,OWrV3Ujh,twarrenay@squarespace.com,,59182.56
396,Charles,New York,351-(728)727-5560,Hanover,cwagneraz,643eVpod,cwardaz@1688.com,30.38,
397,Jason,Boston,46-(162)742-4064,Glendale,jfieldsb0,8yCDZL99a9vH,jyoungb0@nbcnews.com,27.14,
398,Harold,New York,7-(934)534-8164,Mosinee,hjordanb1,3LdAeElGME7,hbellb1@nytimes.com,53.60,
399,Aaron,San Francisco,1-(334)104-6786,Charing Cross,amorenob2,YPkheiEkw64D,arobinsonb2@last.fm,31.69,
400,Shirley,New York,62-(275)679-2144,Memorial,slynchb3,h01FijAZX,ssimsb3@disqus.com,27.46,
401,Anne,Chicago,33-(804)917-3065,Sunnyside,arichardsonb4,97BH3Rfk,awillisb4@yandex.ru,28.10,47736.91
402,William,Chicago,33-(762)107-3199,Lake View,wandrewsb5,0n6xiLU,wharperb5@clickbank.net,32.72,
403,Willie,New York,86-(716)896-6636,Tomscot,wnicholsb6,JUS0i3P5,wmorganb6@usgs.gov,36.83,112283.61
404,Victor,Chicago,52-(391)540-6097,Schmedeman,vgarciab7,0pV68rV,vmorrisonb7@soup.io,32.13,102543.73
405,Larry,Chicago,86-(603)524-4352,Dottie,lruizb8,iAJGPJpQl,lwellsb8@edublogs.org,52.45,40728.34
406,Robert,Boston,86-(971)502-4538,Shopko,rpattersonb9,jBA746m,rfullerb9@berkeley.edu,32.38,51133.12
407,Jose,San Francisco,62-(205)331-2643,Macpherson,jwrightba,2Cluy0,jhansenba@deviantart.com,22.99,105449.26
408,Joyce,Boston,62-(737)872-7185,Donald,jberrybb,vvScAnt92,jreidbb@instagram.com,25.87,43504.32
409,William,Boston,266-(642)938-1772,Cascade,wjohnsonbc,HldsvOcM9jT,wmurraybc@theatlantic.com,59.07,107674.08
410,Juan,San Francisco,52-(341)851-0494,Washington,jgibsonbd,iMPU68JeJi,jdiazbd@livejournal.com,42.97,
411,Keith,Chicago,33-(843)316-8298,Elka,kharperbe,TeZSGyBzWG,kharveybe@imageshack.us,49.86,100736.59
412,Christina,Boston,355-(787)409-3604,Cherokee,clewisbf,tFOHdarbceMX,cevansbf@independent.co.uk,32.07,33395.08
413,Louise,San Francisco,84-(905)889-8555,Quincy,lsimsbg,kviHbW,lpattersonbg@eventbrite.com,24.37,30440.66
414,Cynthia,Boston,58-(197)489-1374,Daystar,cshawbh,MHrhtdv,cshawbh@usgs.gov,40.16,
415,Rachel,San Francisco,86-(592)711-8597,Pearson,rmorrisonbi,QQ4jAGALbW,rkellybi@usa.gov,33.03,
416,Benjamin,Boston,420-(562)209-7056,Waywood,bfullerbj,XZn9LNt,breynoldsbj@deliciousdays.com,51.42,
417,Jacqueline,Chicago,86-(525)102-0419,Stuart,jcollinsbk,S56ac6,jrobertsonbk@unicef.org,48.92,53156.38
418,Jacqueline,Boston,,Arapahoe,jhillbl,6Qq17kBygVnp,jfullerbl@jimdo.com,,
419,Russell,San Francisco,63-(719)391-2988,Victoria,rmartinbm,Gm9gTS,rromerobm@com.com,48.99,85093.15
420,Johnny,Boston,33-(643)836-9558,Muir,jpowellbn,1pEhmQ,jnguyenbn@51.la,34.67,
421,Michelle,San Francisco,63-(890)635-0761,Sundown,mramosbo,k9cCi3cL0,melliottbo@delicious.com,62.17,58474.84
422,Jimmy,San Francisco,598-(810)203-4920,Oakridge,jjohnstonbp,JQXs2K1oH,jshawbp@fc2.com,39.82,30240.01
423,Kevin,Chicago,1-(511)129-2089,Welch,kmitchellbq,tVtBCmlbSSB7,kpaynebq@example.com,50.64,116740.89
424,Adam,Chicago,351-(577)254-2285,Merchant,ajacobsbr,vaAOW0C7,ashawbr@smh.com.au,61.00,45668.43
425,George,New York,62-(937)334-1707,Graceland,ghayesbs,yO1lZJM,gbishopbs@google.com.hk,26.80,
426,Alice,Chicago,86-(700)659-1958,Goodland,acrawfordbt,ZtDVfaUe,awilliamsonbt@wp.com,21.91,52442.59
427,Carolyn,New York,62-(352)795-0222,Maryland,ccarrollbu,CldboA3p2,ccampbellbu@cnet.com,41.56,94115.85
428,Eric,Chicago,44-(895)317-6402,West,espencerbv,2Aei09,elarsonbv@google.co.jp,59.97,
429,Susan,New York,33-(794)348-9775,Saint Paul,smendozabw,YoRL5eNF4XLD,sramosbw@cbc.ca,59.13,35436.04
430,Jason,New York,86-(336)969-1081,Almo,jmillsbx,vbupcNbFVxb,jriverabx@mashable.com,31.45,55049.80
431,Eugene,Boston,86-(678)365-5871,Lakeland,ebarnesby,RtqBTo,ebrooksby@tmall.com,27.09,116287.13
432,Roger,San Francisco,51-(124)992-8813,Portage,rharveybz,YEcet1V0yO,rnicholsbz@hc360.com,25.39,119044.63
433,Kenneth,Boston,,Stuart,kstewartc0,thJCxhiB,kbutlerc0@dropbox.com,,89442.85
434,Louise,Chicago,,Holy Cross,lrossc1,l8uifV5ZhT,lfergusonc1@nymag.com,,75783.72
435,Kelly,New York,355-(139)614-0188,Westridge,kortizc2,dmnAt7pddLm,kmoorec2@ucoz.com,32.87,67064.64
436,Mildred,New York,86-(557)176-1765,Meadow Vale,mlarsonc3,wuXVoh1GFspn,mwilliamsonc3@sourceforge.net,44.66,116477.03
437,Jean,Chicago,62-(352)125-5288,Helena,jortizc4,Y7TW4Xol75K,jjordanc4@comcast.net,51.15,37643.79
438,Philip,Boston,1-(203)542-2886,Maple,pcruzc5,HViGS9xgmLxz,progersc5@de.vu,60.77,96807.70
439,Ruth,San Francisco,7-(808)580-7526,Shopko,rolsonc6,7CMStyroD7E,rricec6@ameblo.jp,36.63,77748.02
440,Judy,San Francisco,86-(881)761-8121,East,jriverac7,xtC3VsHwqurq,jhowardc7@sciencedirect.com,38.84,98933.44
441,Bonnie,San Francisco,55-(160)768-7244,Russell,bpattersonc8,YmRXjGUU,bgordonc8@slideshare.net,44.56,87835.79
442,Roger,New York,46-(809)553-4760,Anzinger,rpiercec9,iJRAbV0,rschmidtc9@mysql.com,26.84,85564.67
443,George,San Francisco,86-(396)608-9075,Monument,garmstrongca,bzfNFhwoL,glawsonca@sourceforge.net,27.68,54986.91
444,Julia,San Francisco,62-(613)440-9903,Bonner,jcrawfordcb,y98Wh2qI0mvr,jgrahamcb@mac.com,28.48,31363.32
445,Randy,New York,420-(515)716-6474,Dorton,rmontgomerycc,F1y8fQ,rwoodcc@booking.com,26.36,96754.46
446,Steven,Chicago,62-(228)915-2457,Anzinger,smedinacd,KRKioNtEop0,sshawcd@paginegialle.it,36.83,100377.47
447,Howard,Chicago,502-(447)189-6560,Acker,hgeorgece,a9kOaPlIq75,hwallacece@themeforest.net,23.65,74682.94
448,Kevin,Chicago,222-(578)822-2524,Thompson,kscottcf,jAabFVBxmMj3,ksnydercf@bloomberg.com,23.78,36026.36
449,Susan,Chicago,86-(724)134-1748,Oak Valley,scarrollcg,k3HvjX8qmdg,srosecg@nhs.uk,46.83,
450,Kenneth,Boston,62-(477)485-0350,Roth,kgarciach,Lddvfhxxe,ktaylorch@163.com,64.05,63883.21
451,Carl,Boston,51-(447)870-8499,Johnson,cmccoyci,c0tOCfU2,cfordci@twitpic.com,41.02,43853.13
452,Nicholas,New York,86-(412)427-4673,Thompson,nwhitecj,rAzMmIw1,narnoldcj@about.com,37.65,99023.88
453,Christopher,New York,7-(189)175-3963,Union,cvasquezck,INtnmbcl,clarsonck@histats.com,36.62,106729.73
454,Margaret,Boston,220-(393)498-2769,Eastlawn,mfostercl,9VevbciDb,mstonecl@go.com,40.26,
455,Nancy,Chicago,86-(164)490-4533,David,nwarrencm,HqJvAz,npaynecm@woothemes.com,58.03,
456,Jennifer,New York,62-(620)378-6723,Veith,jpaynecn,uJ7GnHdiAAXY,jhuntercn@nps.gov,51.81,110819.77
457,Annie,Boston,970-(327)640-1058,Talisman,aharrisco,MpHBl8,arussellco@paginegialle.it,45.70,45445.81
458,Helen,New York,386-(918)655-8059,Southridge,hmoorecp,8VMlj8,hkimcp@delicious.com,37.21,
459,Bobby,Chicago,225-(690)697-0158,Dennis,bramoscq,5ix7EUiY,bpattersoncq@fastcompany.com,53.62,76163.89
460,Jack,New York,62-(233)391-8827,Grim,jramoscr,8sqGX9G45h5V,jbradleycr@amazon.com,43.52,
461,Mark,New York,62-(614)860-9696,Scott,madamscs,b4oXhGDHJtk,mlittlecs@wufoo.com,33.02,32671.65
462,Sharon,Boston,62-(455)651-5554,Meadow Valley,skimct,l4z3gCekYyT,slawrencect@comcast.net,31.94,
463,Charles,Chicago,86-(170)331-3735,Melody,cbarnescu,I8uHp5I,cortizcu@latimes.com,63.38,
464,Stephen,Chicago,7-(428)688-3865,Onsgard,sriveracv,XTCR1QyQ4F4,ssimmonscv@huffingtonpost.com,42.58,116828.39
465,Martin,San Francisco,86-(718)309-6079,Dottie,mwebbcw,zpAVyIO3L,mdixoncw@businessinsider.com,43.75,97008.88
466,Ashley,San Francisco,31-(974)285-4573,2nd,acampbellcx,S65rLV,acrawfordcx@nbcnews.com,25.60,
467,Irene,Boston,351-(486)765-5299,Calypso,idanielscy,KAbHAnFIxu,imedinacy@theglobeandmail.com,24.10,96402.13
468,Frances,Boston,63-(689)240-3218,Michigan,fgraycz,ikVmreH,fgarzacz@hibu.com,34.74,
469,Julia,San Francisco,81-(988)993-6128,Raven,jmedinad0,bOwZZTcjueEr,jmedinad0@census.gov,27.46,33271.67
470,Rachel,New York,963-(156)535-4189,Heath,rlarsond1,QpBGcPMX,rellisd1@canalblog.com,55.35,98662.23
471,Johnny,Chicago,55-(912)445-9645,Eastlawn,jstoned2,iGwUOUrSa,jleed2@woothemes.com,28.18,60320.29
472,Peter,San Francisco,226-(600)911-0649,Nancy,pfullerd3,K7wetY76bo4S,psmithd3@php.net,58.64,105867.60
473,Sara,San Francisco,351-(124)988-3387,Center,soliverd4,QvhJQf,skelleyd4@sohu.com,62.54,111302.01
474,Angela,New York,351-(279)737-3977,Warrior,acarterd5,n6ZVuv,abanksd5@businesswire.com,64.56,
475,Tina,Boston,7-(900)450-3626,Hazelcrest,tbennettd6,O4fpR4,tgriffind6@i2i.jp,62.02,
476,Jean,Boston,86-(303)630-7527,Warner,jrosed7,tXB11JiakLc,jbelld7@youtube.com,44.46,104647.31
477,Victor,Chicago,54-(813)111-0756,Bunker Hill,vbanksd8,Y0M9YAWGK,vstoned8@jigsy.com,32.91,
478,Jose,New York,46-(500)843-7764,Crownhardt,jgonzalesd9,8w8F5ebriXHN,jmurrayd9@geocities.com,39.22,
479,Brenda,Chicago,234-(637)164-2984,Magdeline,brussellda,jxLF7LQ7M,ballenda@eepurl.com,29.02,105664.75
480,Howard,Boston,351-(916)587-1787,Alpine,hhunterdb,UgvnMQR,hmorgandb@usgs.gov,45.69,113482.90
481,David,San Francisco,,Northland,dreeddc,16npSwaL,driveradc@freewebs.com,,
482,Gerald,Chicago,94-(236)374-7455,Birchwood,gmoralesdd,AJNQy44iL7,gbutlerdd@ted.com,44.81,
483,Russell,San Francisco,46-(849)706-6642,Loomis,rtuckerde,oADcr1h,rwarrende@addthis.com,23.79,36719.06
484,Jane,Chicago,236-(932)216-3414,Westridge,jrobertsondf,ICiDj0Ti0XhQ,jpiercedf@comcast.net,41.33,93745.00
485,Rachel,New York,86-(682)849-5478,Kropf,rweaverdg,Q9qk4YwSRc,rsanchezdg@goo.gl,57.38,119408.63
486,Eric,New York,358-(832)808-8234,Clarendon,erichardsdh,d9pALQ4,ebrowndh@telegraph.co.uk,22.78,
487,Linda,San Francisco,244-(878)676-9708,Crest Line,llopezdi,Vaxa6cqr1z,ljacksondi@salon.com,30.98,65887.06
488,Carol,San Francisco,81-(682)172-1445,Sachs,cvasquezdj,rvk3WYmmS,cstephensdj@yelp.com,46.17,79092.34
489,Matthew,San Francisco,33-(427)640-9505,Meadow Ridge,mrosedk,1C3zAf7nFt,mowensdk@sun.com,42.39,
490,Gerald,New York,7-(219)772-6539,High Crossing,glawrencedl,hBJP5mMZcY,gstevensdl@51.la,37.99,
491,Ashley,Boston,30-(773)879-7481,Karstens,astephensdm,XebC4s,avasquezdm@wp.com,47.92,
492,Richard,Boston,33-(458)628-7011,Barby,rcarrdn,YJb13KrKZg,rpetersondn@chronoengine.com,36.21,
493,Susan,Boston,992-(209)412-4155,Lawn,swrightdo,RX2cWC9uzqfn,sberrydo@prweb.com,55.09,82267.91
494,Sean,Boston,49-(296)236-4225,Sheridan,slarsondp,7WX1MZgt,spalmerdp@typepad.com,26.47,
495,Jeremy,Chicago,98-(593)725-7121,Paget,jperezdq,HBpMuzxkhZa6,jmoralesdq@deliciousdays.com,44.11,
496,Steve,New York,86-(223)321-1888,Rutledge,sstonedr,aqUSzjmcs,snguyendr@jigsy.com,61.62,76391.31
497,Lisa,Chicago,86-(602)631-2686,Hermina,lpetersonds,muEaTL6AKe4,lbishopds@naver.com,37.44,
498,William,San Francisco,63-(715)769-6336,South,wgarzadt,0oleGkZDJ8p1,wperrydt@jalbum.net,35.32,48968.83
499,Judith,Chicago,62-(729)700-4503,Nova,jmarshalldu,F1bI4cz1eux2,jmoralesdu@mapquest.com,41.22,
500,Raymond,San Francisco,46-(249)741-9206,Portage,rmurraydv,Iu3P5zK1kt,rbelldv@npr.org,59.81,
501,Shirley,Chicago,62-(937)836-0740,Miller,skellydw,NJhS46Ojy,sbrowndw@vistaprint.com,42.58,117844.85
502,Wanda,San Francisco,7-(559)735-2634,Northfield,whendersondx,1qMZbX,wbradleydx@foxnews.com,36.89,99141.93
503,Phyllis,San Francisco,81-(607)431-2515,Victoria,preynoldsdy,G3mdTQD,pmyersdy@newyorker.com,54.70,117615.07
504,Ruth,New York,255-(639)165-6079,Springs,rturnerdz,gqTICX,rkingdz@goo.gl,26.17,72918.54
505,Kathy,Chicago,86-(934)563-4471,Randy,krileye0,X3CPaIhX05yI,kpricee0@php.net,39.64,115634.66
506,Timothy,New York,,Moland,tgordone1,QGSUqrc,tpattersone1@census.gov,,76374.29
507,Emily,Chicago,389-(918)245-2927,Novick,eperrye2,s8uTQN,eperkinse2@mozilla.org,62.12,69076.55
508,Walter,Chicago,351-(312)318-2997,Little Fleur,wyounge3,pSBM44,wgilberte3@simplemachines.org,37.06,53712.54
509,Martha,Boston,58-(791)471-0816,Tony,mwoode4,81yawBoL,mlanee4@spiegel.de,30.11,117031.30
510,Kathy,San Francisco,850-(299)891-4896,Hudson,khunte5,p3fvUcv8P,kthompsone5@squidoo.com,44.90,62794.12
511,Gerald,San Francisco,62-(437)834-8639,Dakota,gjamese6,j2ji6pM,gburkee6@example.com,41.76,58533.13
512,Douglas,Boston,375-(576)681-2672,Kings,dmorenoe7,BELTYKcVfq0O,dmoralese7@utexas.edu,49.37,100133.55
513,Judy,Chicago,,Calypso,jsancheze8,o7EDzvlba,jallene8@blinklist.com,,118948.19
514,Joyce,New York,86-(221)288-5803,Del Sol,jelliotte9,VPVUERe,jcrawforde9@xinhuanet.com,50.27,78970.03
515,Ronald,San Francisco,48-(618)382-1267,Kim,rfreemanea,AZNTtANUGl,rroseea@reddit.com,30.17,31649.29
516,Jeffrey,New York,86-(176)956-7247,Dexter,jrosseb,r5PezVNK3,jgriffineb@uiuc.edu,57.55,34169.43
517,Brandon,New York,62-(979)848-5415,Texas,bperezec,UvtMPYs,bgrayec@last.fm,46.21,92489.38
518,Steve,Chicago,51-(821)331-4763,Troy,swillised,VpBGAiuYG,sreyesed@dagondesign.com,63.77,111463.82
519,Russell,New York,,Morningstar,rbrownee,Bj6rxvnUIbt,rbutleree@edublogs.org,,
520,Sara,Chicago,48-(863)158-2427,Nova,swardef,EcK6Wv,slongef@goo.gl,32.78,35947.59
521,Rebecca,Boston,86-(206)454-6348,Delaware,ryoungeg,fN294mu4PCh,rkelleyeg@live.com,30.22,91891.30
522,Emily,San Francisco,504-(610)163-5222,Weeping Birch,ewilliamsoneh,hX2baaFSjL,ejohnstoneh@nydailynews.com,60.91,52159.99
523,Christina,New York,63-(733)336-4538,Clarendon,cburnsei,9TvbIDC8T,cbishopei@ehow.com,38.60,100768.29
524,Donald,Boston,62-(120)439-6953,Melody,dwoodsej,KZwrr0Bv,dnguyenej@shutterfly.com,62.18,111908.38
525,Edward,New York,,Bartillon,emccoyek,cDS88zI2Qy8,eperezek@prlog.org,,50329.85
526,Nicholas,San Francisco,,Porter,ngrahamel,Dxzn0S,nedwardsel@bandcamp.com,,53751.71
527,Jack,San Francisco,974-(659)219-7682,Fordem,jmorganem,5R0bAjpwe,jmurphyem@friendfeed.com,56.43,59592.75
528,Jacqueline,New York,62-(971)137-4457,Loeprich,jsimsen,nHYIWto,jwalkeren@barnesandnoble.com,29.34,85041.24
529,Paul,Boston,212-(979)787-0884,Quincy,pburtoneo,HVszb0nRdHm,ppriceeo@mac.com,21.42,62110.18
530,Carolyn,Boston,52-(623)811-1820,Talisman,ccoxep,FpqfWtKXG,cperryep@wikimedia.org,45.88,75948.29
531,Shirley,Chicago,62-(129)523-3111,Mifflin,sbaileyeq,Y5SxBsZKXX1,smedinaeq@pbs.org,22.17,
532,Anthony,San Francisco,56-(232)558-9079,Walton,aallener,TRKZaFR,aarmstronger@example.com,53.86,50471.58
533,Diane,Chicago,242-(441)148-8951,Haas,dandrewses,Q43TNyKp,dhendersones@ftc.gov,40.58,40491.57
534,Jimmy,New York,57-(780)737-2934,Harbort,jdixonet,4MvkrJUnl,jcarret@google.de,44.66,
535,George,New York,52-(681)541-4754,Tomscot,gharteu,fDQgiD6,gcrawfordeu@berkeley.edu,35.91,45135.43
536,Larry,San Francisco,55-(661)134-2532,Eastlawn,lcooperev,LQadPs,lgreeneev@eepurl.com,23.79,
537,Theresa,Boston,1-(717)126-4142,Onsgard,tstevensew,Xn88ykKU,tduncanew@whitehouse.gov,64.53,90608.94
538,David,San Francisco,504-(803)529-7837,Merry,dbishopex,bzlfh4cdKjwb,dlaneex@cornell.edu,27.04,71502.16
539,Gloria,San Francisco,251-(542)565-2800,Maryland,gmartinezey,JiCgwl5Ky9,gmartiney@bing.com,29.95,77882.15
540,Billy,Boston,386-(594)560-8277,Hermina,bryanez,XwpF3JVBttsK,blongez@bizjournals.com,26.53,
541,Earl,Boston,351-(801)616-6163,Bellgrove,echavezf0,AVg5KQq2Tr,efoxf0@oaic.gov.au,53.69,68724.20
542,Kevin,New York,30-(540)926-0557,Forest Run,kcampbellf1,eqh0FQCCM9Y9,khughesf1@shareasale.com,29.78,42886.36
543,Nicole,Boston,7-(101)370-5277,Merry,nfosterf2,MmoCdq,nriveraf2@redcross.org,46.61,113826.62
544,Robin,New York,86-(894)760-0028,Artisan,rfranklinf3,mTXo7AH6q,rrobinsonf3@people.com.cn,45.92,
545,Mary,New York,62-(855)151-5179,Lillian,mcarrollf4,U4x6pmF0f4yG,mriveraf4@i2i.jp,29.10,58115.13
546,Kevin,San Francisco,60-(915)550-4534,Farragut,kwarrenf5,v0S9TM1,klawrencef5@qq.com,43.66,59151.15
547,Lawrence,New York,235-(850)784-4160,Havey,lcoxf6,j64ajWnfDmH,lgeorgef6@cornell.edu,28.50,
548,Amanda,San Francisco,86-(896)301-0108,Fair Oaks,aromerof7,uPvpsE,abradleyf7@merriam-webster.com,45.30,
549,Teresa,New York,,Rowland,tromerof8,lZRX7Q8y,tcastillof8@over-blog.com,,119762.84
550,Jeffrey,San Francisco,380-(385)578-5153,Southridge,jreedf9,ybxsu0G31ez5,jdayf9@networksolutions.com,44.64,50823.30
551,Scott,New York,66-(528)285-4032,Waubesa,sstonefa,P6fXgsS,swilliamsfa@dot.gov,41.49,
552,Thomas,San Francisco,63-(323)645-8489,Paget,tgrayfb,aOYVqfu,tcampbellfb@stanford.edu,63.15,
553,Eric,New York,351-(411)421-1201,Kings,eryanfc,iELmMtt,epaynefc@europa.eu,63.31,
554,Terry,Chicago,63-(922)610-2488,Comanche,tedwardsfd,YTXkcsAHd,thunterfd@google.com.au,44.93,52287.15
555,Steve,Boston,63-(920)323-2359,Bashford,scooperfe,eMOvqKP,ssimsfe@symantec.com,58.97,50594.47
556,Kathy,San Francisco,420-(463)784-8310,Heath,khowardff,F09CyJLIV,kryanff@nps.gov,56.88,100700.44
557,Aaron,New York,380-(680)957-4410,Schiller,akimfg,BwQk42y,ahansonfg@eventbrite.com,23.73,60864.06
558,Jerry,San Francisco,994-(462)374-0723,4th,jfloresfh,B9eMiib,jharrisfh@domainmarket.com,51.91,33269.39
559,Karen,New York,55-(465)318-7878,John Wall,khowellfi,pnvoZVh,kadamsfi@businessweek.com,29.72,
560,Pamela,Boston,86-(330)837-7582,Saint Paul,pmatthewsfj,gVcRw2GD91rF,plongfj@umn.edu,54.40,
561,Patrick,Chicago,63-(935)207-9895,Maple Wood,pfieldsfk,sD2UxrT8HV,pgardnerfk@ning.com,30.78,
562,Larry,Boston,86-(604)511-8309,Charing Cross,lmarshallfl,wBbPLWt5D,lbrooksfl@auda.org.au,25.17,
563,Jennifer,Boston,506-(103)372-1286,Almo,jrossfm,30Q5FTTKo6YR,jdixonfm@ocn.ne.jp,65.00,47793.79
564,Pamela,New York,267-(767)835-8706,Lien,phendersonfn,VEQ5iN,pgrantfn@unblog.fr,49.33,72244.53
565,Mary,Chicago,56-(818)338-0354,Bluestem,mgibsonfo,eBo3eG7DVf,maustinfo@myspace.com,40.38,101138.88
566,Norma,Boston,1-(755)954-9432,Sugar,nburtonfp,ycKqsyh,ngarrettfp@google.de,32.29,70232.33
567,Sara,San Francisco,57-(290)482-6273,Susan,swelchfq,dv4JcOJm,srayfq@wikispaces.com,22.12,96117.23
568,Susan,Chicago,976-(576)270-8462,Magdeline,showardfr,MbsodvO74G,scolefr@businessinsider.com,54.04,104235.66
569,Larry,Chicago,86-(258)812-6489,Schmedeman,ldiazfs,hFC5dvAsQh,lreidfs@uiuc.edu,52.49,57929.46
570,Aaron,New York,46-(529)991-5579,Glendale,acookft,gXsbnL3SK,adanielsft@mozilla.com,59.55,
571,Andrew,New York,48-(173)203-2244,Reindahl,alynchfu,a3IEBed5,adeanfu@vk.com,51.25,
572,Paula,San Francisco,234-(379)337-6598,Atwood,pnguyenfv,hupOtJ,pchapmanfv@wikimedia.org,29.52,37447.66
573,Mildred,San Francisco,420-(342)776-9154,Tony,mowensfw,j3dmTGTInL,mpetersonfw@google.com,55.13,116962.67
574,Phyllis,Boston,1-(442)952-2362,Eastlawn,pcrawfordfx,M34Yh2,poliverfx@tinyurl.com,32.95,
575,Jean,San Francisco,86-(236)932-7471,Tony,jfowlerfy,7nuey4,jgrantfy@instagram.com,31.84,
576,Roger,Chicago,66-(938)633-4922,Johnson,rrobertsonfz,RsXv2N,rhansenfz@whitehouse.gov,37.78,81494.95
577,Gloria,San Francisco,33-(841)869-1286,Thierer,gtaylorg0,SYUmQ16G,gyoungg0@disqus.com,25.84,118405.49
578,George,Chicago,7-(592)275-6699,Rigney,ggutierrezg1,MZyC253o8CtE,glittleg1@fc2.com,30.38,72939.82
579,Jennifer,Boston,86-(142)843-4623,Service,jcooperg2,0Gh9CAg35S,jpetersong2@columbia.edu,41.60,89724.47
580,Ronald,New York,7-(967)945-6019,Spaight,rhansong3,2Ynxh1i0D,rhicksg3@home.pl,38.44,
581,Linda,Boston,62-(258)296-5012,Shopko,lbakerg4,CzQmoM7,lfullerg4@disqus.com,40.32,107327.63
582,Brenda,San Francisco,57-(485)912-6946,Marquette,bgonzalezg5,MZhn6WPbEl,bdiazg5@wikispaces.com,37.00,61167.21
583,Ronald,Chicago,41-(892)331-6542,Prairieview,rgarzag6,lljU6qs4O,ryoungg6@ucoz.com,29.80,71914.26
584,Douglas,Boston,55-(504)549-3427,Northland,dandrewsg7,bQEttzHMuG6,dedwardsg7@washington.edu,56.09,
585,Robert,Boston,62-(764)158-0901,Cardinal,rhughesg8,uQ15EJ0,rmurphyg8@simplemachines.org,48.10,57600.49
586,Gloria,Chicago,389-(651)315-2911,Granby,grobinsong9,SYEe9YE6,gjohnstong9@eepurl.com,37.19,92069.68
587,Daniel,Boston,98-(532)845-1346,Oneill,dperkinsga,wnLc9c0cR,dhunterga@sourceforge.net,31.53,
588,Russell,San Francisco,381-(947)321-3187,Green Ridge,rsullivangb,iHx2qX,rhendersongb@chicagotribune.com,53.67,
589,Kevin,New York,1-(636)321-2187,Mockingbird,kbutlergc,zJiJKXrvi,kwilsongc@sourceforge.net,49.54,36337.91
590,Frank,Boston,62-(469)576-8660,Larry,flawsongd,XjnEezNS0R,fhallgd@last.fm,56.53,
591,Diana,Boston,86-(667)945-2166,Bonner,dsmithge,8EeZa8w,dlynchge@printfriendly.com,48.43,60941.67
592,Joan,San Francisco,30-(660)429-0992,Badeau,jfergusongf,9H9HoP7N,jmedinagf@army.mil,56.46,74343.44
593,Joe,San Francisco,1-(949)327-4748,Butterfield,jgomezgg,892so24,jyounggg@unesco.org,57.19,60882.17
594,Jimmy,Chicago,48-(372)462-7092,Meadow Vale,jmartingh,bPnKT3tSkFxB,jwallacegh@dropbox.com,33.76,
595,Brenda,New York,351-(326)735-1459,Scott,bcoxgi,EyZftXFcY234,bbrooksgi@huffingtonpost.com,44.94,71608.59
596,Larry,San Francisco,1-(702)603-2761,Mcbride,larmstronggj,Xyv5HWoBxTUS,lalexandergj@instagram.com,35.81,32778.55
597,Barbara,San Francisco,86-(789)106-2348,Hauk,bfullergk,zsn4SN,brossgk@mail.ru,53.77,64035.04
598,Debra,Chicago,245-(579)642-4958,Manufacturers,dgibsongl,Fc2vYYMcVEE,dedwardsgl@aboutads.info,34.10,83973.42
599,Judith,Chicago,62-(881)693-9541,Troy,jgordongm,rRkyRPPu,jmatthewsgm@webeden.co.uk,59.66,111907.84
600,Terry,New York,7-(632)780-0173,Forest Run,tbennettgn,oQrzE1S,tparkergn@xrea.com,47.45,33531.26
601,Rose,Chicago,66-(572)508-4976,Merry,rhallgo,RlbayLx,rmartinezgo@netlog.com,26.75,48549.26
602,Joshua,San Francisco,57-(509)875-9532,Elmside,jandersongp,pO0ipO,jthompsongp@irs.gov,51.23,46969.41
603,Keith,Chicago,,Sachs,krileygq,g9ZtTexSJ,kkimgq@cam.ac.uk,,94669.91
604,Annie,San Francisco,62-(642)172-1846,Hanover,areidgr,or5Zy3Y6Ugk,adanielsgr@sphinn.com,34.44,94958.51
605,Nancy,New York,63-(267)437-5270,Oak Valley,ngarzags,4qPQX5KiM8,nparkergs@ftc.gov,61.85,86385.11
606,Virginia,New York,996-(821)213-7138,Forster,vgreenegt,fFrgNo1U,vrosegt@cdbaby.com,63.03,
607,Richard,Boston,977-(229)388-5035,Columbus,rcoopergu,XbLbc79jTVF,rtorresgu@si.edu,57.30,48678.56
608,Philip,Boston,86-(867)780-2427,Center,pfoxgv,IjxaJRdMiTY5,pgarciagv@about.me,37.60,91758.95
609,Craig,San Francisco,1-(250)894-8690,Blackbird,cpricegw,qMZvDpn6,cfloresgw@amazonaws.com,27.79,
610,Melissa,Chicago,251-(167)492-5251,Lunder,mduncangx,Sy8piVbZ,mgilbertgx@marketwatch.com,37.14,30324.96
611,Willie,Boston,63-(918)847-7124,Carey,warmstronggy,EDAhn3D,wgordongy@cocolog-nifty.com,32.63,
612,Phyllis,Chicago,33-(487)816-9348,Warner,pgarciagz,HsSYF3obn3,pstonegz@ovh.net,28.02,
613,Jeffrey,San Francisco,63-(324)105-8613,Dryden,jalexanderh0,Y5uwKAK,jfordh0@tuttocitta.it,44.34,59227.73
614,Barbara,San Francisco,84-(569)244-4330,Northland,bwardh1,I2DDD0W3dC0,bmeyerh1@prnewswire.com,32.17,43309.47
615,Nancy,Chicago,86-(241)522-4266,Laurel,nlopezh2,vERKHoQ,nmorganh2@hubpages.com,30.98,59394.58
616,Carl,Boston,251-(183)125-5914,Stang,ccunninghamh3,ryR1aVW7,crobinsonh3@pbs.org,24.88,76788.89
617,Nicholas,New York,63-(667)974-3581,Homewood,ncarrh4,8tkNFtW9,nbradleyh4@networkadvertising.org,47.25,44971.54
618,Lawrence,Chicago,,7th,lfreemanh5,AJE7Anwl,lporterh5@techcrunch.com,,61630.48
619,Emily,Chicago,7-(247)668-8211,Golf View,ehendersonh6,uChIhuwEgd,egarzah6@buzzfeed.com,41.00,56217.47
620,John,San Francisco,48-(994)505-8911,Graedel,jdeanh7,lETD4g3mJ481,jblackh7@foxnews.com,38.85,
621,Jesse,New York,33-(672)483-7355,1st,jjonesh8,VjjOQcsIpgKB,jrichardsonh8@cbc.ca,40.32,
622,Ann,Chicago,81-(829)534-2603,Cordelia,aowensh9,LpySZX,amedinah9@pcworld.com,54.79,
623,Rebecca,San Francisco,48-(657)470-4524,Knutson,rscottha,pWL96lTT9dU,rryanha@salon.com,58.10,63356.46
624,Billy,San Francisco,86-(792)490-3337,Eliot,bgibsonhb,mpkT5rCiYYg,badamshb@storify.com,37.57,
625,Jason,San Francisco,62-(767)358-0376,Crest Line,jhamiltonhc,Kvs3OSDCTXs3,jburkehc@admin.ch,58.30,36159.15
626,James,New York,63-(537)821-0958,Cordelia,jwillishd,hAtRhX,jcampbellhd@smh.com.au,40.17,56204.61
627,Heather,San Francisco,86-(383)546-9011,Vernon,hpricehe,WlmtMoVlmnbZ,hsandershe@latimes.com,55.22,56006.16
628,Ann,New York,62-(883)390-6731,Dwight,aadamshf,G38Cuzys,amartinezhf@nature.com,25.82,90005.01
629,Rose,San Francisco,86-(608)392-4182,Mcbride,rdunnhg,Nt8zMAk,rperkinshg@ifeng.com,56.31,102475.73
630,Evelyn,Chicago,7-(721)871-8463,Fremont,esimpsonhh,Nn8TBNsa,egilberthh@topsy.com,41.62,107666.86
631,Cheryl,Boston,351-(901)673-2176,Myrtle,cowenshi,a4U5qN,csandershi@360.cn,25.14,112078.55
632,Melissa,New York,1-(513)779-0615,Vahlen,msmithhj,xYUhM1J,mhugheshj@elpais.com,33.39,91245.78
633,James,New York,63-(228)358-3054,Sachtjen,jgreenhk,nSHQXpH,jelliotthk@narod.ru,35.15,100236.43
634,Mary,Boston,62-(815)538-8004,Monterey,mdavishl,VQhVwqIfA,mperezhl@nbcnews.com,35.94,68148.01
635,Gloria,New York,,Stephen,ghunthm,EKTfUVu,gharrishm@cargocollective.com,,85021.27
636,Jesse,New York,351-(959)718-0616,Cascade,jstephenshn,yy0ta825s,jstewarthn@scribd.com,24.36,
637,Steve,Boston,86-(740)935-3431,Canary,scampbellho,La0Zis,sjohnstonho@state.gov,29.20,84574.13
638,Maria,Boston,55-(207)880-6035,Fisk,mfieldshp,y7dch43PON,mfordhp@pen.io,21.02,45193.31
639,Evelyn,Chicago,66-(563)605-8547,Bultman,etorreshq,UWSsfW,ejacksonhq@ibm.com,53.69,78064.40
640,Edward,San Francisco,53-(763)388-9177,Florence,ebaileyhr,y8bghnf6,esmithhr@blogtalkradio.com,55.08,
641,Adam,San Francisco,850-(765)852-0398,Fulton,ataylorhs,iMMfAw0,amoorehs@cafepress.com,28.83,39977.24
642,William,Boston,62-(670)939-6734,Northland,wfrazierht,Ox4N7W,wjonesht@npr.org,49.47,84397.79
643,Mary,New York,,Anniversary,mjohnsonhu,ur9po9LdkYw,mcollinshu@smugmug.com,,58591.14
644,Sharon,New York,33-(982)681-2640,Briar Crest,svasquezhv,wtN23C200y,shallhv@google.com,32.37,
645,Walter,San Francisco,63-(419)227-4400,Ruskin,wmedinahw,bOyJlyFto,wrileyhw@desdev.cn,62.68,
646,Jose,Chicago,86-(404)554-5657,Dorton,jcruzhx,Bbo2Od1cO,jrobinsonhx@google.com.au,56.22,82075.77
647,Christine,New York,86-(149)700-1532,Orin,cjohnsonhy,4aR1uVE,cchapmanhy@home.pl,32.25,115571.11
648,Christina,Chicago,1-(324)810-5851,Pawling,cdixonhz,SiC8nNa,ckellyhz@cam.ac.uk,45.97,107127.63
649,Matthew,Chicago,63-(152)873-9092,Montana,msullivani0,u9mxTtH,mmartinezi0@columbia.edu,53.25,66283.12
650,Deborah,New York,52-(434)411-8682,Sherman,dwallacei1,5OUZqE5SKp,drodriguezi1@dell.com,24.47,47487.00
651,Karen,Chicago,57-(357)434-0698,Loftsgordon,kgarciai2,2N1bbOW,kmarshalli2@dmoz.org,22.67,
652,Marilyn,New York,385-(669)142-3022,Maywood,mmyersi3,YBAYuWsi3qV,mharperi3@bloomberg.com,30.67,
653,Andrew,San Francisco,48-(362)665-1380,Mayfield,awellsi4,cRAZOnnSzxkX,awoodsi4@sohu.com,31.91,103663.21
654,Jerry,New York,381-(262)135-3239,Larry,jperryi5,dfEb4BhT,jhowelli5@aol.com,63.13,91300.01
655,Virginia,Chicago,504-(705)191-1148,Kinsman,vreynoldsi6,LSDhUAbiSl,vlynchi6@usnews.com,50.43,
656,Lori,Chicago,1-(210)761-3536,Sycamore,lwheeleri7,OCDPvma1,lgilberti7@google.co.uk,44.92,36261.55
657,Jason,San Francisco,86-(432)202-1884,Colorado,jbarnesi8,3mdpVCF,jcolei8@yahoo.com,24.37,69664.18
658,Lois,San Francisco,63-(985)966-6936,Atwood,lfoxi9,IEFddu7W3,lmendozai9@edublogs.org,64.19,109614.85
659,Diane,Chicago,1-(904)931-8833,Morrow,dpattersonia,YDMWRaqZGBA,dhillia@ox.ac.uk,54.38,
660,Carol,New York,7-(422)668-2091,Mesta,cadamsib,nAym6sb2E,cbaileyib@wisc.edu,41.77,115491.00
661,Amanda,Chicago,82-(228)933-1838,Loftsgordon,arodriguezic,8HRI0PhC,awellsic@techcrunch.com,62.45,72685.20
662,Lisa,New York,86-(721)872-3816,Mitchell,lburkeid,S9syYp,lrobertsid@microsoft.com,45.92,79322.01
663,Evelyn,New York,505-(569)178-2591,Heffernan,efieldsie,Pzs3Coy6Iu,eperkinsie@studiopress.com,26.09,88725.07
664,Janice,New York,52-(511)484-1331,Oak Valley,jrayif,NbaUKpMfRSq,jhicksif@ucoz.com,61.37,105320.65
665,Gregory,San Francisco,353-(434)839-5034,Bay,gcruzig,LWJFuSj,gcruzig@istockphoto.com,62.26,53944.57
666,Rebecca,San Francisco,62-(495)770-2610,Birchwood,rscottih,awr5VqoTih2H,rchapmanih@pinterest.com,28.92,109131.41
667,Antonio,San Francisco,996-(451)782-1317,Mosinee,awallaceii,sBw9YMWbM1,abaileyii@privacy.gov.au,42.59,35914.34
668,Emily,San Francisco,62-(133)924-0117,Bunker Hill,ethomasij,L7SZfIxZuKWZ,ejordanij@pen.io,46.69,94100.68
669,Craig,San Francisco,81-(610)225-5700,Marcy,cgardnerik,WxanvtB,ccarrik@google.com.hk,24.49,
670,Shawn,San Francisco,33-(271)500-2821,West,sowensil,6tozPgRg,sfosteril@columbia.edu,26.26,62450.68
671,Randy,San Francisco,81-(941)713-2929,Merry,rlawsonim,xHpOFkwMf,rknightim@360.cn,36.19,38233.98
672,Alice,New York,46-(350)179-9860,North,aberryin,vLEFjl,asullivanin@dropbox.com,30.80,30968.83
673,Joyce,Boston,86-(407)227-5516,Lunder,jgonzalesio,XQP5KA7e65p,jbakerio@behance.net,34.30,84422.52
674,Jean,Boston,86-(664)811-0945,Esch,jdeanip,LnQcvaEQ,jbarnesip@creativecommons.org,36.49,110751.05
675,Angela,New York,62-(752)357-2376,Bowman,asullivaniq,i5i5m8,arodrigueziq@cdbaby.com,45.70,
676,Alice,Chicago,420-(289)813-3497,4th,amasonir,kRRSuB5QuW8,afernandezir@marketwatch.com,58.46,
677,Barbara,Boston,1-(267)735-7539,Hauk,briverais,o2AKzay4l,bstephensis@cdc.gov,39.36,
678,Russell,Chicago,81-(712)240-2712,Everett,rcruzit,suPjzZMKO,rwilsonit@icio.us,52.41,
679,Jennifer,New York,351-(372)220-4095,Fremont,jberryiu,DDGWNY6H9,jthompsoniu@tumblr.com,57.54,111865.42
680,Gloria,Boston,886-(821)954-4905,Roth,gschmidtiv,VTQHEeVaC4,gjonesiv@ovh.net,48.71,85660.66
681,Annie,New York,95-(630)940-9898,Almo,adunniw,p7eDHbeU,aoliveriw@oracle.com,22.59,109306.53
682,Jose,Chicago,63-(931)403-6166,Clemons,jrichardsix,5HULrqj,jharveyix@github.com,37.43,36407.16
683,Louise,Boston,55-(855)232-3097,Gerald,lnelsoniy,HZKM2qTT1w,lcarteriy@who.int,38.93,
684,Nicole,New York,234-(235)596-1840,Golf Course,nmorganiz,BGz5btHe,ntayloriz@merriam-webster.com,25.64,
685,Jane,New York,98-(476)254-9749,Calypso,jhudsonj0,qoxz8Z,jstewartj0@mlb.com,52.58,
686,Sharon,New York,66-(588)792-4008,Waxwing,sboydj1,9S75gvvGNRBV,swalkerj1@nifty.com,55.06,64348.34
687,Catherine,New York,351-(972)664-1010,Coolidge,cpalmerj2,P2DCm4rHqK,cblackj2@pbs.org,27.86,55750.57
688,Victor,New York,86-(523)509-5872,Cardinal,vmccoyj3,ikkPuTbo4,vpetersj3@icq.com,45.54,
689,Sarah,Boston,976-(798)862-4752,Roxbury,sjamesj4,Hl6oKRlN3UU,shansenj4@macromedia.com,45.30,109089.30
690,Gregory,Boston,46-(886)530-8363,Nevada,gbellj5,wNfEEKFwaZgn,gcolej5@gov.uk,37.00,96624.67
691,Donna,Chicago,216-(968)318-1755,Hooker,ddanielsj6,kUjtm1u,dreidj6@slashdot.org,63.63,51672.24
692,Norma,New York,31-(574)285-8962,North,nsimmonsj7,JZ6hd3j3,nlongj7@newsvine.com,45.91,114865.20
693,Emily,Boston,228-(776)396-2169,Sunnyside,edeanj8,BmVxG0tL,edixonj8@gmpg.org,42.23,50770.85
694,Benjamin,Chicago,33-(626)537-3367,Graedel,btaylorj9,umRHLGb7ZYBz,bandersonj9@ezinearticles.com,33.47,
695,Richard,San Francisco,,Mccormick,rfreemanja,hkMmrrJyI5vc,redwardsja@miitbeian.gov.cn,,38525.35
696,Teresa,Chicago,63-(283)100-0012,Dottie,thowelljb,djwr6wZAxs,tkimjb@fc2.com,41.39,46936.17
697,Harry,Boston,86-(807)383-4931,Bowman,halvarezjc,AJsjpIitaTp,hjohnstonjc@tumblr.com,56.74,
698,Norma,Chicago,387-(178)735-0759,Barnett,nwilliamsjd,q3okoyZ,nharveyjd@sun.com,42.04,52895.88
699,William,San Francisco,60-(195)119-3075,Heath,wrossje,R0dXuG4AOy,wburtonje@nasa.gov,37.54,107395.71
700,Anne,Boston,46-(544)401-9529,Jay,agomezjf,qmy5tNv,alittlejf@ning.com,53.92,91546.25
701,Jeffrey,New York,30-(546)242-5440,Londonderry,jjonesjg,vHPCaO7YoD,jsimsjg@home.pl,25.26,81652.39
702,Joyce,San Francisco,593-(720)725-6097,Erie,jpattersonjh,h0Y39UQ8KOV,jkingjh@noaa.gov,54.84,
703,Donna,Chicago,1-(851)509-3421,Eggendart,dlaneji,KIIQw0FEN,djamesji@nymag.com,40.03,52837.91
704,Benjamin,Chicago,686-(543)637-0667,Maple,bdeanjj,9gmIZooKV,blewisjj@redcross.org,56.29,
705,Lawrence,Boston,62-(950)693-6772,Dryden,ldiazjk,xpFvtWtw9U9,lmontgomeryjk@360.cn,36.04,117197.78
706,Barbara,Boston,81-(168)710-5028,Almo,balexanderjl,ff9GxDxoOlZ6,bharperjl@cnbc.com,42.08,
707,Shirley,Chicago,27-(953)520-6872,Clemons,shamiltonjm,JYdywIJg9oKG,salvarezjm@phpbb.com,58.99,34383.90
708,Paul,San Francisco,255-(750)510-5313,Manley,pmorrisjn,E6CEmJ9U,pbarnesjn@mysql.com,40.46,53373.00
709,Gerald,Chicago,48-(176)847-6309,Ridgeview,gwarrenjo,uvffjrWXqy5,ggilbertjo@wufoo.com,47.89,68150.83
710,Henry,San Francisco,46-(864)214-8205,Ridgeview,hrosejp,vakpoN,hwilliamsjp@cbc.ca,54.82,90701.28
711,Carol,Boston,86-(717)167-1088,Old Gate,crossjq,QHX21d,cpiercejq@hubpages.com,35.95,53983.99
712,Thomas,Boston,48-(945)386-2505,Derek,tfowlerjr,z5c2cs,twillisjr@sciencedaily.com,38.79,86111.20
713,Jason,Boston,220-(472)885-3026,Forest Dale,jmyersjs,oXGenq8EO,jbelljs@nature.com,26.25,
714,John,Chicago,235-(846)977-8771,Jackson,jfloresjt,0ddn30,jkingjt@livejournal.com,45.29,117510.09
715,Amanda,New York,86-(686)884-3040,Mallard,awheelerju,Air0tF,ahenryju@bandcamp.com,48.08,32879.45
716,Russell,New York,30-(992)258-2393,Muir,revansjv,bZX7AMF,rwrightjv@mediafire.com,25.30,
717,Wanda,San Francisco,380-(748)566-2131,Hansons,wbutlerjw,a6LECGy,wgomezjw@alexa.com,38.63,111761.32
718,Jose,San Francisco,30-(641)460-9577,Prairieview,jdeanjx,wf37Dpxkt,jwatsonjx@altervista.org,44.59,83910.39
719,Paula,San Francisco,86-(597)772-5457,Loftsgordon,prossjy,m6l2jkcY,pdiazjy@blogs.com,47.91,
720,Albert,New York,55-(830)626-7779,Hooker,atuckerjz,pAoIyEV2A3j,amccoyjz@mozilla.org,51.19,75419.86
721,Theresa,New York,86-(555)959-1594,Loftsgordon,tjamesk0,8Aw3oTwkmPKr,tcoxk0@blog.com,29.06,88460.07
722,Bonnie,Chicago,54-(109)845-4912,Di Loreto,bhansenk1,V7CNF2,bwilsonk1@youtube.com,33.68,116741.02
723,Edward,New York,380-(221)753-4911,Dryden,edanielsk2,MNal6aK,erobertsonk2@marketwatch.com,32.96,89845.12
724,Wanda,San Francisco,351-(818)578-8559,Hoffman,wmillerk3,177PJwbm1t2t,wclarkk3@technorati.com,27.17,89441.91
725,Katherine,Boston,63-(936)218-7804,Karstens,kharrisonk4,ZY9ZEarRSHTZ,koliverk4@salon.com,52.67,105348.58
726,Tina,Boston,86-(658)976-8783,Dunning,talvarezk5,1xLlS9,tthomask5@reddit.com,28.21,
727,Harry,New York,,Northwestern,hperkinsk6,ErffHR54JR,hsandersk6@hibu.com,,79325.52
728,Nicholas,Boston,,Grim,nrichardsk7,LwecOh2Zaf,nblackk7@dagondesign.com,,62974.28
729,Albert,Boston,850-(460)921-7266,Weeping Birch,alewisk8,PEjOF4k31e9,alawsonk8@arizona.edu,54.95,
730,Joan,New York,,Linden,jgarrettk9,vDgTJTqE,jhartk9@msu.edu,,85494.91
731,Denise,Chicago,380-(727)294-0344,Riverside,dadamska,TDLxRHNv2R6e,dwebbka@mail.ru,49.84,34375.83
732,Robert,San Francisco,,Helena,rsmithkb,JZbwyFiU,rgeorgekb@squidoo.com,,40566.02
733,Albert,Chicago,55-(641)821-4817,Forest,agibsonkc,7yR1mng,acastillokc@bandcamp.com,48.18,48174.87
734,Carolyn,New York,1-(323)826-3514,Little Fleur,cgrantkd,SBY24IAhX3,cfrazierkd@cocolog-nifty.com,21.56,
735,Barbara,Boston,234-(859)151-2879,Caliangt,bchavezke,nSfWb8tHkH,brichardske@google.com.au,50.50,87282.60
736,Emily,New York,55-(592)938-6270,Carberry,estevenskf,oKLjK12s,eharveykf@imageshack.us,37.67,47085.90
737,Charles,Chicago,86-(398)636-4018,Westend,candrewskg,Ux1kBX,ctuckerkg@elpais.com,36.53,92407.48
738,Antonio,San Francisco,234-(326)436-1660,Meadow Ridge,aelliottkh,4WIgJiV,awagnerkh@japanpost.jp,48.82,47664.03
739,Philip,New York,7-(617)860-2822,Melvin,psanchezki,pi7Ze9AE,powenski@themeforest.net,61.29,96396.58
740,Maria,New York,381-(393)105-7400,Clemons,mmorriskj,hRFCbkbS,melliskj@elpais.com,34.89,82762.05
741,Harold,Boston,86-(690)514-8027,Basil,hharveykk,WrRyFtU,hwatkinskk@cbc.ca,48.98,80668.01
742,Lawrence,Chicago,86-(465)231-1539,Ilene,lsimmonskl,JSsPoDZ,lnicholskl@lycos.com,27.44,
743,Joshua,Chicago,86-(490)770-2146,Glacier Hill,jdaykm,leSovv0iMB,jsimpsonkm@topsy.com,51.71,89108.99
744,Nicholas,Chicago,62-(112)151-3243,Lunder,nromerokn,dYzGL3pHSiaO,npattersonkn@infoseek.co.jp,38.38,103274.71
745,Ronald,San Francisco,62-(865)362-9680,Daystar,rholmesko,an4zot0V7,rbennettko@digg.com,34.79,76663.72
746,Emily,San Francisco,81-(718)277-5212,Roxbury,ewheelerkp,B21qJ7gLveQ,emccoykp@boston.com,42.08,35251.53
747,Martha,New York,48-(118)363-7144,American Ash,mgibsonkq,mEhMXYMT4,mbrookskq@rediff.com,62.32,90668.88
748,David,Chicago,86-(760)115-8150,Moland,dreidkr,mOhdjPgNmqh,dwoodskr@wiley.com,50.62,67533.88
749,Deborah,Boston,86-(980)686-0811,Glacier Hill,dlopezks,hao8oi,dmurrayks@army.mil,33.51,81672.31
750,Judith,New York,46-(724)519-7559,Debs,jvasquezkt,6nRxWY,jgriffinkt@posterous.com,43.88,
751,Craig,Chicago,55-(424)423-5291,Cascade,cshawku,L1Hqzi,cortizku@berkeley.edu,38.00,33380.94
752,Tammy,San Francisco,,Mesta,tlittlekv,atj0L4IY,toliverkv@flavors.me,,65377.81
753,Jessica,Boston,,Aberg,jweaverkw,iBh0cF3Rvn0x,jcookkw@gizmodo.com,,42276.67
754,Christine,New York,963-(828)696-0985,Clarendon,cjacksonkx,LtoFGH,cbowmankx@google.ru,41.21,64409.55
755,Bruce,San Francisco,63-(312)509-8211,Clarendon,bweaverky,EpkKgvH,bgonzalesky@eventbrite.com,54.49,79862.37
756,Willie,Chicago,383-(856)310-6522,Russell,whugheskz,GX1Xczf,whugheskz@parallels.com,38.74,
757,Peter,Boston,230-(229)700-5190,Hermina,pedwardsl0,BEzH9Bs8rE1,pfrazierl0@wired.com,30.26,113869.42
758,Tina,New York,52-(239)477-0726,Coleman,tramirezl1,IeGYLJ2QfGZj,trileyl1@ca.gov,33.89,55639.00
759,Carolyn,Chicago,86-(185)937-5666,Glendale,clewisl2,gXwsNmwjW,cgonzalesl2@sphinn.com,37.62,65227.64
760,Nicole,Boston,62-(126)880-3618,Larry,nlittlel3,qNITSep,npricel3@loc.gov,63.96,35344.22
761,Louise,Chicago,55-(966)493-0275,Sheridan,lcarpenterl4,JgDNzh2,lwarrenl4@sbwire.com,50.87,99410.17
762,Lori,Boston,62-(879)606-3538,Northland,lmoorel5,eOfvGyv4S,lbowmanl5@guardian.co.uk,21.55,68109.99
763,Anthony,New York,63-(746)422-6232,Helena,arobinsonl6,yWDUGWgBq,acookl6@netlog.com,36.52,31828.31
764,Jean,New York,62-(206)878-3456,Gateway,jkellyl7,U5tcgTFd,jrichardsl7@cnet.com,42.83,61841.47
765,Amanda,Chicago,86-(906)190-8336,Mosinee,aricel8,SfksQ6QShn,akiml8@behance.net,54.00,
766,Carlos,San Francisco,51-(629)592-1431,Tennyson,cowensl9,PiyzXHpu,chudsonl9@uiuc.edu,32.27,115967.17
767,Michael,Boston,48-(826)370-7950,Northport,mwellsla,su4YlL,mcolemanla@de.vu,49.41,113323.55
768,Diana,Boston,221-(557)219-4692,Caliangt,dmoorelb,Q23nqR,dberrylb@ca.gov,33.99,56481.21
769,Sandra,Boston,62-(900)361-7503,Anthes,scarrolllc,r75GOBOs,spetersonlc@prweb.com,39.75,84879.78
770,Donna,New York,1-(402)246-3108,Paget,drodriguezld,gejj3h70UmDD,dsimsld@dot.gov,34.19,68244.07
771,Jeffrey,Chicago,504-(930)907-8713,Granby,jgriffinle,YPQo6dpUTt,jarnoldle@irs.gov,61.27,39192.32
772,Lillian,San Francisco,62-(469)732-5651,Service,lramirezlf,1XKyGpImOg,lgibsonlf@mozilla.org,34.19,104571.93
773,Lois,Chicago,63-(798)376-3812,Kropf,lhansonlg,3Blpf2GtS9,lmartinezlg@abc.net.au,35.54,66312.97
774,Arthur,San Francisco,62-(905)190-6868,Mariners Cove,afloreslh,JKtAgSk,aellislh@hugedomains.com,63.52,45011.16
775,Andrea,San Francisco,7-(971)398-7713,Lillian,abaileyli,9xMPTAPJcHmT,awellsli@guardian.co.uk,43.35,
776,Andrea,San Francisco,62-(130)517-3225,Rowland,aandrewslj,sDOWNeCi,acollinslj@plala.or.jp,53.09,35422.63
777,Andrew,New York,86-(740)264-8916,Portage,awashingtonlk,fIQ33JAkw,aknightlk@linkedin.com,34.34,63085.69
778,Nancy,Boston,62-(617)194-4497,Northfield,noliverll,jofWAljG2ODh,nmontgomeryll@scribd.com,28.34,93889.08
779,Jack,Chicago,51-(298)253-3315,Algoma,jwatsonlm,6RBsglE,jcrawfordlm@google.fr,37.32,96717.70
780,Anna,Chicago,62-(794)215-5459,Fulton,agordonln,eFiEpT,amccoyln@simplemachines.org,25.64,72595.08
781,Shirley,San Francisco,1-(699)974-1752,Colorado,ssimpsonlo,K5cnZCuZy,swebblo@samsung.com,46.57,
782,Philip,San Francisco,502-(823)576-7484,Arrowood,psullivanlp,xBNhBwA,pcarpenterlp@paypal.com,33.20,
783,Dennis,San Francisco,963-(538)584-1129,Porter,dmurphylq,4eCpXm,dlewislq@addtoany.com,21.74,50368.35
784,Henry,Boston,45-(720)717-7073,8th,hrobinsonlr,dHmUiqg,hruizlr@1und1.de,48.71,
785,Albert,San Francisco,1-(202)724-7674,Utah,aricels,FIOaFr7KV,aboydls@stumbleupon.com,51.21,52355.34
786,Catherine,Chicago,86-(763)540-8986,Steensland,ccunninghamlt,9AxChbfr,chayeslt@wix.com,38.70,62611.54
787,Wanda,New York,7-(432)436-5881,Roth,wrichardslu,8g3s7nLjQvIR,whalllu@simplemachines.org,62.28,85244.55
788,Helen,San Francisco,86-(957)340-9417,Thackeray,hricelv,mXsHr2JKq,hmillerlv@imageshack.us,37.36,64242.75
789,Anna,Boston,27-(415)222-7739,Amoth,awestlw,JB8MnnI5af,ahowelllw@edublogs.org,49.94,
790,Joshua,New York,62-(522)467-8890,American,jwatkinslx,hxJuEUilqMkY,jfordlx@angelfire.com,32.59,44041.01
791,Jessica,New York,63-(181)602-4365,Kennedy,jrobertsly,aqgtljG6uRU,jlawrencely@cnn.com,23.59,40048.64
792,Beverly,San Francisco,62-(817)319-8020,Northwestern,bjoneslz,Z3leoSQWw,bharrisonlz@cnn.com,55.46,70691.81
793,Donna,Chicago,20-(397)299-6835,Brentwood,dkellym0,v7J5Ihoq,dfoxm0@ask.com,31.18,
794,Lori,New York,86-(267)334-3477,Jackson,lmedinam1,s9wj6SaVxrM,lhamiltonm1@bizjournals.com,59.45,48378.47
795,Cynthia,Chicago,86-(536)243-0980,Doe Crossing,cgordonm2,o5qxatC,chayesm2@go.com,25.23,115071.48
796,Kathryn,New York,,East,kwellsm3,htldUn9,kallenm3@princeton.edu,,114218.12
797,Jose,New York,62-(295)915-2277,Carberry,jsnyderm4,Y2ytBj,jfoxm4@wordpress.com,44.22,
798,Debra,San Francisco,385-(252)473-2373,Melrose,dsmithm5,RfyDxFkOQyf,dfullerm5@nifty.com,21.78,
799,Nicholas,New York,62-(223)261-4189,Lake View,ncunninghamm6,nH29PriRO,ngeorgem6@tiny.cc,64.51,105195.77
800,Shawn,Chicago,,Knutson,scarrm7,NYDrg4S,sfergusonm7@rambler.ru,,97803.59
801,Shirley,New York,55-(977)277-1987,Duke,sfernandezm8,MMz2eMAVUg2,sarmstrongm8@e-recht24.de,35.02,69438.16
802,Patrick,New York,51-(922)414-4836,Hayes,pcarrm9,Xii5gE27,pgreenem9@domainmarket.com,64.77,95947.66
803,Fred,New York,63-(118)901-9740,Artisan,friverama,YSqQnDt5,fmoorema@sitemeter.com,54.08,31274.12
804,Amanda,New York,503-(434)720-0260,Evergreen,acolemb,kOnqv7zcMu,abradleymb@vk.com,38.49,43647.40
805,Jack,New York,7-(764)672-5790,Sachtjen,jdiazmc,By3Zyv,jolivermc@canalblog.com,23.70,87050.66
806,Victor,Chicago,33-(556)538-3901,3rd,vramirezmd,QSLj3I9,vkellymd@google.com,54.76,113066.85
807,Margaret,Chicago,55-(893)704-6422,Mallard,mgardnerme,XAUTXx,mfernandezme@psu.edu,51.74,117654.38
808,Victor,Chicago,389-(834)722-1327,6th,vshawmf,PT3OfZ5I4SAt,vcunninghammf@squidoo.com,35.80,107605.37
809,Donna,Chicago,20-(824)731-4728,Weeping Birch,druizmg,SieTN3Y,dchavezmg@icq.com,29.40,77737.75
810,Bobby,Boston,48-(548)856-8493,Northridge,bgonzalesmh,MsQiim,bhuntmh@smugmug.com,57.55,36951.64
811,Craig,New York,48-(171)582-0281,Pleasure,cholmesmi,ioFiXVC78rQ2,crichardsmi@dmoz.org,36.64,
812,Anna,San Francisco,86-(306)333-7698,Victoria,areedmj,5UUJG59,awilsonmj@ocn.ne.jp,41.55,68781.08
813,Brian,New York,33-(903)435-3437,Chive,blarsonmk,PEfwVK,bbarnesmk@slideshare.net,54.55,
814,Steven,Chicago,47-(498)673-9920,Cody,scarterml,dH84tHJwPLA,sgilbertml@dot.gov,26.72,114798.32
815,Sara,San Francisco,54-(543)411-0978,South,sfieldsmm,3UOnNdZp12BO,scookmm@guardian.co.uk,52.82,
816,Billy,New York,,Pond,bkingmn,msMWSL8w2gcY,bcampbellmn@time.com,,84838.41
817,Brandon,Boston,86-(549)375-3089,Jenifer,bperrymo,VNym6mmc,blarsonmo@oracle.com,26.74,111110.03
818,Christine,Chicago,33-(790)838-8801,Hanson,cbrooksmp,wteC1rpcb8C,calexandermp@uol.com.br,40.02,
819,Carl,Chicago,234-(203)942-5985,Homewood,cfieldsmq,zXUdvHk9739,cgibsonmq@about.me,58.68,117657.12
820,Donald,New York,7-(264)953-0545,Hovde,dnguyenmr,XOgEpVCnbGE,dweavermr@blinklist.com,43.54,
821,David,Boston,55-(418)195-2502,Algoma,doliverms,PgsOXpvT6RPI,djohnstonms@wikimedia.org,39.60,
822,Craig,Boston,963-(183)947-8017,John Wall,cwashingtonmt,kmZpwZi7V,cburnsmt@constantcontact.com,55.06,90928.06
823,Benjamin,Boston,1-(228)780-7770,Oriole,bricemu,kg41TaugX8fz,bhendersonmu@photobucket.com,25.39,
824,Joe,San Francisco,54-(522)911-1398,Farwell,jreidmv,DJ5gzqs,jfowlermv@thetimes.co.uk,60.64,38764.51
825,Earl,Chicago,51-(682)853-7559,Charing Cross,emontgomerymw,aArobdW4EM7,ewatkinsmw@ameblo.jp,28.19,106097.04
826,Rebecca,San Francisco,380-(222)513-1387,Stuart,rlawrencemx,wDgAWkw4Z,rhernandezmx@purevolume.com,47.39,58591.15
827,Matthew,San Francisco,62-(434)788-6726,Brickson Park,mrileymy,mlC46sE,mwilliamsmy@epa.gov,30.56,59164.66
828,Katherine,New York,86-(446)422-0868,Butternut,kreidmz,zmtMpSGIv0,kgriffinmz@miitbeian.gov.cn,23.23,
829,Louise,San Francisco,62-(225)725-7623,Sloan,lbanksn0,nOy6t7OiAR4,lhalln0@dailymotion.com,59.79,37337.47
830,Harold,New York,972-(324)873-9079,Amoth,hstonen1,lMPa5koGtOa1,holsonn1@home.pl,32.21,114597.33
831,Douglas,New York,86-(489)855-5094,Toban,dburken2,Z80wBY,dphillipsn2@dot.gov,29.60,71339.56
832,James,Chicago,93-(207)573-4550,Anhalt,jbaileyn3,vHWd6NUQT,jandersonn3@wired.com,27.60,110614.28
833,Amy,San Francisco,,Carberry,awestn4,WVnhK4,apalmern4@nhs.uk,,54486.22
834,Stephanie,Boston,1-(713)180-7375,Eggendart,sgutierrezn5,oLUZhHcjYQ,shansenn5@ezinearticles.com,23.42,34920.39
835,Laura,Chicago,51-(853)914-0204,Butterfield,ldiazn6,shSo3tHyKSE,lbarnesn6@discuz.net,59.40,103991.03
836,Heather,New York,33-(817)467-6253,Mallard,hschmidtn7,AArBJu0vr,hhudsonn7@twitter.com,36.30,
837,Sandra,Chicago,420-(548)695-0326,Dovetail,sleen8,lqELVVxuj9F,smorrisn8@comcast.net,22.87,60768.98
838,Richard,Chicago,66-(562)478-1190,Farwell,rlawrencen9,sx3hTu1V0,rbutlern9@youku.com,45.85,
839,Louise,New York,381-(446)443-4778,Meadow Valley,lfieldsna,QA2Hvh4x,lrosena@dion.ne.jp,35.60,55277.78
840,Stephanie,New York,84-(592)562-7515,Beilfuss,sallennb,9dzQ7JEILDa,sperkinsnb@com.com,38.63,
841,Diane,Chicago,7-(268)875-3271,Alpine,dcarternc,3bMDg5BF7,dchaveznc@salon.com,50.10,
842,Jerry,Boston,86-(668)808-3118,Dawn,jboydnd,yupQH2hu,jwilsonnd@google.cn,33.67,
843,Barbara,San Francisco,,Lakewood,bpetersne,VLKvoAVy5WGV,bbellne@businessweek.com,,87144.00
844,Paula,Boston,47-(459)811-7604,Roxbury,pandrewsnf,4QvXYmwUOk,pgomeznf@privacy.gov.au,41.99,53399.00
845,Daniel,San Francisco,86-(413)930-0197,Cordelia,dphillipsng,yW9IyfI05WF,dhenryng@bandcamp.com,64.08,
846,Dorothy,Chicago,60-(446)540-6967,Darwin,daustinnh,oojh7CNXmA4I,dgonzaleznh@4shared.com,43.72,103152.55
847,Denise,San Francisco,86-(543)542-7414,Mcguire,dduncanni,pKZ5zxv,dgilbertni@biblegateway.com,31.24,
848,John,Chicago,81-(249)773-6766,Arapahoe,jmartinnj,AtoOljs,jevansnj@imdb.com,47.48,35086.64
849,Matthew,New York,33-(592)275-6718,Carpenter,molsonnk,pEtElMc,msandersnk@linkedin.com,44.37,57895.66
850,Stephen,San Francisco,,Cody,sbutlernl,TWKAaFKDAA,smedinanl@google.nl,,38618.48
851,Ruth,New York,1-(194)797-0896,Everett,rraynm,EX8r8rCkqq,rbennettnm@reference.com,38.56,40610.85
852,Ronald,New York,7-(494)689-7044,American,rmatthewsnn,t0bIZ3l3,rholmesnn@ucoz.com,60.14,65208.89
853,Helen,Chicago,33-(714)808-6241,Darwin,hgrahamno,1JyVlZlSA8TD,hhawkinsno@uol.com.br,50.39,
854,Brian,New York,55-(812)298-8746,Fuller,bknightnp,txSQGlls3SV,bhuntnp@slate.com,28.82,102004.41
855,Linda,New York,57-(442)719-9938,David,lricenq,b5zomr4XTE,lcooknq@huffingtonpost.com,46.17,49943.86
856,Phillip,Chicago,371-(368)961-4038,Lake View,ppiercenr,y24kbQr0L0,plopeznr@mlb.com,55.79,50052.26
857,Ashley,Boston,850-(295)315-4149,Farragut,astewartns,r3GbWCgOx7Z,ahicksns@example.com,38.04,43600.67
858,Jesse,San Francisco,48-(483)596-0439,Scofield,jwatkinsnt,mrwAqsrL,jmendozant@live.com,49.55,74448.95
859,Catherine,Boston,7-(760)366-2461,Cascade,ckingnu,vxwfBQLr,crileynu@goo.ne.jp,46.95,32806.26
860,Terry,Chicago,55-(854)726-4726,Hoard,tadamsnv,GkT31kS,twardnv@sciencedaily.com,32.65,
861,Janet,New York,504-(169)944-2204,Calypso,jwilsonnw,AibtPr9R,jwilliamsonnw@ow.ly,22.01,41181.26
862,Kathryn,Chicago,82-(452)734-4340,Westridge,kfranklinnx,TjpNTnI,kdanielsnx@oakley.com,48.08,
863,Cheryl,Chicago,,Meadow Vale,cmarshallny,tfkpZkNoE,cmorenony@oaic.gov.au,,30420.34
864,Heather,New York,53-(792)220-5986,Onsgard,hbarnesnz,mAHHcMmRk,hharpernz@pcworld.com,50.51,58394.56
865,Jason,Boston,30-(135)112-1664,Trailsway,jcastilloo0,tnyAzNEsP7tF,jlaneo0@cbc.ca,46.56,
866,Debra,New York,,Bartillon,dsimmonso1,qODqGD,dlawsono1@google.com.au,,49249.03
867,Diane,Boston,62-(130)273-3115,Mosinee,dhanseno2,p5dRvIqy,dbaileyo2@cam.ac.uk,40.88,31477.88
868,Edward,San Francisco,1-(404)329-4661,Oakridge,egreeno3,sxJ8fsPF2,ebrookso3@cargocollective.com,47.72,30283.68
869,Jennifer,San Francisco,86-(802)543-3626,Nobel,jrosso4,7i8ApFSCPr,jcastilloo4@pcworld.com,21.02,37521.21
870,Heather,San Francisco,1-(253)430-4463,Pleasure,hcollinso5,fUc6Pq,hperezo5@tmall.com,31.59,87719.80
871,Frank,New York,84-(753)128-1328,Sauthoff,fhunto6,VqxUK1489fke,fwashingtono6@yale.edu,44.54,84920.35
872,Carol,San Francisco,55-(771)708-7195,Saint Paul,cgeorgeo7,cpPFuWL,cleeo7@springer.com,50.76,77062.51
873,Phillip,San Francisco,,6th,pknighto8,uVHEG3i88,phillo8@si.edu,,103827.96
874,Elizabeth,San Francisco,63-(811)510-2384,Warner,esimpsono9,OoEVUA8,ereynoldso9@nba.com,50.46,36921.93
875,Linda,Chicago,98-(843)177-7575,Forest Run,lrobertsoa,1aJ9YQtzvKgJ,lbrooksoa@rakuten.co.jp,43.43,74429.03
876,Craig,New York,62-(448)224-5221,Glendale,ccarpenterob,NBvfCtyL,cfieldsob@ycombinator.com,54.62,64618.92
877,Aaron,Chicago,86-(571)562-2007,Kensington,awellsoc,otVjf8YY0Aw2,aromerooc@army.mil,24.68,96145.66
878,Helen,Chicago,48-(421)915-8144,Shelley,hboydod,JPYSg7C,hshawod@cpanel.net,34.39,31276.69
879,Juan,New York,963-(398)178-6418,Marquette,jwilsonoe,J5OVtE,jscottoe@nps.gov,48.92,
880,Julie,New York,31-(691)948-9916,Maywood,jcoleof,yhChHtb,jparkerof@army.mil,29.46,63560.37
881,Philip,Chicago,55-(588)644-2730,Manitowish,priceog,XIlmp8Y,ppetersonog@unicef.org,50.17,100239.31
882,Amy,New York,48-(385)315-9223,Gale,agarciaoh,oxzsqrnX2HCy,acarpenteroh@time.com,37.92,114291.56
883,Katherine,Boston,234-(310)437-3268,Scott,kowensoi,jPS8s0I,kjacobsoi@ucoz.ru,27.74,99247.87
884,Aaron,Boston,1-(915)916-0709,Randy,asimsoj,7L8VUmzDuVN,anguyenoj@vimeo.com,46.16,37046.83
885,Joe,San Francisco,354-(989)281-7125,Ruskin,jrodriguezok,iNuLOydVzgb0,jcookok@over-blog.com,48.68,51424.32
886,Andrea,Boston,7-(254)839-5207,Dorton,acarterol,rEMgKX,aperkinsol@scribd.com,64.79,86584.88
887,Jason,New York,63-(167)115-1245,Ohio,jhunterom,klwuoGoB2P0,jmontgomeryom@123-reg.co.uk,46.69,71383.66
888,Bobby,San Francisco,30-(639)440-0579,Everett,bmorenoon,r4duas,bberryon@theguardian.com,57.79,
889,Harold,Chicago,1-(812)230-8851,Grayhawk,hfieldsoo,XDckTmiOY7G4,hhowelloo@digg.com,31.65,
890,Douglas,Chicago,86-(867)804-9064,Pepper Wood,dbennettop,uSf4iQ7A76U,dtuckerop@networkadvertising.org,26.65,103938.86
891,Kelly,New York,1-(394)355-3188,Iowa,kwelchoq,ulXjxfJeU5v,kjordanoq@foxnews.com,21.09,64159.86
892,Keith,New York,62-(659)878-3908,Corben,kmurrayor,pi1xd4q0xo,koliveror@themeforest.net,45.67,
893,Steve,Boston,420-(494)208-4208,International,sryanos,hmjzHAOwuFl,sarmstrongos@ucsd.edu,55.90,
894,Mary,Chicago,58-(640)396-1207,Shoshone,mcarrollot,sQUNIIwrsB,mcarterot@is.gd,54.82,109370.54
895,Debra,New York,86-(707)114-3845,Kenwood,dwilliamsonou,ou4McV,dellisou@t-online.de,58.45,73256.80
896,Patricia,New York,976-(430)430-2332,Esch,pbakerov,Zl2svw9,pharrisov@barnesandnoble.com,48.96,62340.89
897,Gloria,Boston,62-(802)637-1195,Vidon,grobinsonow,fMWAg1I,ghawkinsow@theglobeandmail.com,58.31,56677.34
898,Philip,Chicago,86-(606)212-6322,Londonderry,pramosox,b0dpNCWN,pbutlerox@cbsnews.com,60.31,43518.36
899,David,San Francisco,30-(489)145-1810,Cordelia,dfulleroy,bNvXNq3VnTAA,dwagneroy@senate.gov,51.37,96118.07
900,Ann,San Francisco,34-(444)807-9875,Stoughton,acunninghamoz,T3dXoVSsLb,abishopoz@printfriendly.com,26.06,114907.56
901,Carol,Chicago,380-(730)207-8277,Carioca,cjacobsp0,UV0JDll2Vf1r,cwrightp0@odnoklassniki.ru,52.45,56686.17
902,Jane,Chicago,48-(681)206-4850,Oakridge,jrosep1,aaVz9gbsp8v,jfowlerp1@earthlink.net,50.00,102413.18
903,Irene,Boston,86-(108)343-3663,Village,ihayesp2,wYN9XSyTPLXr,imurphyp2@surveymonkey.com,63.66,94763.12
904,Jack,Chicago,86-(833)622-8608,Chinook,jgreenep3,xY8WgYYf7a,jnguyenp3@odnoklassniki.ru,58.77,89911.41
905,Benjamin,San Francisco,49-(920)952-6076,Grim,btorresp4,mv7Hdp4,bbryantp4@yolasite.com,50.53,81825.71
906,Kelly,Chicago,385-(716)891-5125,Jana,kfullerp5,bP6yowR0,kcoxp5@ebay.com,53.73,62750.62
907,Denise,Boston,376-(331)435-8652,Doe Crossing,dgonzalesp6,vWB0UVXIBn,dyoungp6@engadget.com,52.49,88046.34
908,Donna,San Francisco,66-(177)929-6892,Southridge,dfloresp7,lu25wrjNJFR,dgomezp7@comsenz.com,30.72,61844.46
909,Victor,San Francisco,227-(521)754-6489,East,vmoralesp8,DJVE9J,vgarciap8@pen.io,31.82,109885.95
910,Ralph,Boston,374-(785)475-7419,Sunbrook,rphillipsp9,olapLlX,rbellp9@linkedin.com,52.24,92930.66
911,Marie,Boston,62-(382)323-5749,Sugar,mmedinapa,Tff4k6,mmontgomerypa@phpbb.com,48.45,113041.78
912,William,San Francisco,590-(767)234-1100,Magdeline,wallenpb,O6h61cA,wwagnerpb@baidu.com,27.22,
913,Harold,Chicago,46-(751)335-1453,Melody,hwilliamspc,Dr274QYLWS,hperkinspc@yelp.com,42.52,53817.18
914,Karen,Chicago,46-(844)697-8118,Dunning,kbakerpd,e3QXFTjbnxK,khowardpd@jigsy.com,63.46,62158.95
915,Antonio,Boston,86-(662)962-2279,Briar Crest,awillispe,6tQGEElmd8qm,amorganpe@multiply.com,60.36,90619.30
916,Louis,New York,62-(733)117-9970,Waubesa,lramirezpf,DzUiWu1De9G,lmorrisonpf@jugem.jp,62.14,
917,Timothy,New York,48-(644)574-6879,Mariners Cove,tcarrpg,Y3QqK535,tdixonpg@about.com,48.96,
918,Daniel,Boston,,Corry,dshawph,3TPPty9u,dgrahamph@bing.com,,53227.10
919,Gary,San Francisco,86-(272)339-8604,Starling,ggrahampi,Bqc1G36oyQHH,gpowellpi@google.it,63.19,65506.59
920,Louis,San Francisco,351-(867)653-9191,Russell,lspencerpj,p3FO2VTd,lmcdonaldpj@mac.com,23.27,31590.55
921,Sara,Chicago,62-(203)788-1730,Weeping Birch,sfrazierpk,Pce3bWTgt,scrawfordpk@4shared.com,46.95,39975.17
922,Jean,New York,686-(116)958-0662,Dayton,jjohnsonpl,6ILOq2fQk9Y,jhartpl@bloglovin.com,53.45,97679.68
923,Juan,Boston,48-(937)536-5946,Dawn,jleepm,tToBN0JtN,jrobertsonpm@sourceforge.net,60.21,
924,Eugene,Boston,86-(605)379-5181,Randy,erichardsonpn,jMIghof1ejHV,epeterspn@comcast.net,45.84,46527.06
925,Gerald,Boston,355-(251)665-5220,Utah,gwagnerpo,uYGIQ8KRr,gpattersonpo@latimes.com,28.71,
926,Brandon,San Francisco,33-(440)872-4079,Lakeland,brodriguezpp,W7RCZ6,bpaynepp@youtu.be,36.77,65844.74
927,Jacqueline,Boston,234-(960)981-3001,Alpine,jfoxpq,YSUqxwW2,jburkepq@comcast.net,36.29,
928,Brian,Chicago,7-(586)103-6116,Anthes,bryanpr,Ib7VgYiDpKH3,bhickspr@devhub.com,45.38,54695.22
929,Irene,Boston,374-(984)550-1947,Leroy,iharrisps,VusJxWz,imartinps@wp.com,22.30,95792.59
930,Juan,Boston,,Ryan,jcarpenterpt,OH8waX1n,jwellspt@acquirethisname.com,,63065.24
931,Marilyn,Boston,52-(974)208-7402,Crescent Oaks,mnicholspu,Dfbcli,mwellspu@nasa.gov,63.03,37343.81
932,Joshua,New York,52-(691)848-5818,Fremont,jlarsonpv,gj9IKLt8iFP,jhowellpv@house.gov,58.84,79876.42
933,Ryan,Chicago,972-(895)462-0034,Bayside,rsanchezpw,1fT7FChjz,rfowlerpw@discuz.net,31.83,116656.52
934,Donna,Chicago,7-(394)540-2064,Continental,dfisherpx,mOrCNQx,dmorrisonpx@mlb.com,35.34,77938.88
935,Russell,Chicago,54-(396)573-6403,Old Shore,rmillspy,aMaOFNkiT,rharperpy@java.com,27.09,
936,Norma,San Francisco,62-(159)151-1971,Southridge,nnelsonpz,Ac426p,nwillispz@rediff.com,54.28,73438.89
937,Dennis,Chicago,46-(711)270-7612,Dahle,dandersonq0,5m2bJwzD,dmeyerq0@arizona.edu,47.55,93023.49
938,Kimberly,Chicago,86-(583)183-6479,Del Sol,kkellyq1,DBke5k,kcarterq1@kickstarter.com,52.74,48964.47
939,Annie,Boston,261-(578)100-1374,Ridgeview,awarrenq2,GrKbTveuWoS,aolsonq2@zimbio.com,26.41,88249.05
940,Diane,San Francisco,86-(475)347-3136,Surrey,dkimq3,mgIigSQfHWE,dvasquezq3@yelp.com,34.24,
941,Ruth,Chicago,86-(213)455-4598,Onsgard,rfloresq4,9NZAcjYFgn7,rvasquezq4@columbia.edu,38.98,102003.57
942,Jean,New York,86-(228)506-3833,Village,jturnerq5,YjQJFqvVe,jreynoldsq5@jimdo.com,24.82,41825.07
943,Johnny,San Francisco,54-(469)657-4714,Shopko,jwarrenq6,KBklhEs,jmorrisonq6@last.fm,21.09,62063.86
944,Deborah,Boston,994-(814)305-6930,Green Ridge,dsandersq7,7RRNXq59HNe,dallenq7@amazon.com,36.73,89570.79
945,Anne,San Francisco,86-(207)613-0202,Eagan,areynoldsq8,Hx7At4VEaV,areyesq8@indiegogo.com,40.77,42342.37
946,Joe,Chicago,385-(434)443-9162,Sugar,jellisq9,QyDtVM,jfieldsq9@si.edu,64.79,105246.10
947,Sarah,Boston,7-(462)999-2121,Hayes,sfreemanqa,beaJ7IZ6XkTl,sdanielsqa@foxnews.com,25.67,82622.71
948,Antonio,Boston,86-(988)334-4958,Basil,aweaverqb,Wi2vgmJR,achapmanqb@dion.ne.jp,60.96,103543.96
949,Theresa,Chicago,57-(175)376-8776,Butternut,twoodqc,2bDACF,tbanksqc@fema.gov,23.30,112015.22
950,Ashley,Chicago,49-(518)381-3153,Summerview,astoneqd,BQU6f8SCF,aowensqd@instagram.com,34.91,
951,Harold,New York,355-(666)620-1085,Katie,hgilbertqe,3YcvXaL,hrussellqe@ucsd.edu,47.11,80068.46
952,Joan,Boston,62-(234)588-5983,Amoth,jrobertsonqf,Zsir4MYI1,jhillqf@google.it,63.02,52702.01
953,Michael,San Francisco,509-(272)515-7066,Knutson,mrodriguezqg,AEq2t94hE,mmontgomeryqg@photobucket.com,28.79,
954,Maria,Chicago,66-(815)535-9742,Straubel,mreynoldsqh,3vQKzx98,msandersqh@arizona.edu,33.94,64465.04
955,Heather,New York,84-(743)531-2385,Manitowish,halvarezqi,CfcW6yyUei,hhunterqi@nsw.gov.au,48.59,83877.41
956,Marie,San Francisco,84-(927)458-1879,Valley Edge,mturnerqj,KUinRLjPFUrK,mspencerqj@com.com,54.20,35717.69
957,Justin,New York,7-(123)401-2490,Carey,jnguyenqk,JfKpPoy0Yr8x,jfernandezqk@gov.uk,39.53,58926.36
958,Willie,San Francisco,62-(922)816-1938,Ohio,wmartinezql,Hf7HB4Np,wweaverql@phpbb.com,33.58,
959,Norma,Boston,7-(724)109-4342,Mayfield,ncarterqm,sOYROHPBL,nrobertsqm@ow.ly,55.73,82167.14
960,Philip,San Francisco,,Briar Crest,plynchqn,fMOx5V99,phunterqn@uiuc.edu,,
961,Janet,San Francisco,86-(819)115-0196,Dixon,jkennedyqo,OATCZFvoP7W,jrobinsonqo@weibo.com,31.09,36049.79
962,Jessica,San Francisco,,Linden,jgrantqp,jBkXh37K,jdeanqp@gnu.org,,34317.06
963,Judith,Chicago,374-(114)306-5294,Northland,jclarkqq,ymFhE8Vq8h1O,jjordanqq@google.co.jp,51.61,
964,Ernest,San Francisco,62-(589)557-5180,Erie,echapmanqr,TowNca,ereedqr@businessinsider.com,58.17,76862.90
965,Victor,San Francisco,33-(303)798-5458,Melody,vwelchqs,vYC0i9So,vwalkerqs@google.cn,34.85,63345.06
966,Jose,San Francisco,358-(372)719-6440,Mcguire,jharperqt,TjMNS6fRN4,jtorresqt@deviantart.com,28.66,38864.52
967,Catherine,New York,356-(918)647-1274,Del Mar,chendersonqu,cvidsKC5k,cwillisqu@mashable.com,58.03,
968,Jose,New York,7-(191)233-3952,Express,jrobertsqv,Afa2kn,jgrantqv@t-online.de,38.27,75505.08
969,Justin,New York,1-(286)781-4763,Chive,jharveyqw,tHuy6yx55zkr,jwilliamsqw@plala.or.jp,38.37,65288.16
970,Louis,Boston,52-(923)643-5049,Darwin,ltorresqx,MZzPOD,lwilliamsonqx@shop-pro.jp,49.96,32647.91
971,Jennifer,New York,505-(503)330-4667,Anderson,jhernandezqy,6ByscTG8,jwillisqy@unicef.org,32.13,
972,Jose,Chicago,86-(395)937-3736,Aberg,jcoleqz,pTkz7EK7U,jharveyqz@gizmodo.com,31.13,85027.96
973,George,Chicago,55-(562)253-5525,Onsgard,grossr0,xKGvBrCxK,gjohnsonr0@answers.com,57.75,
974,Gary,Chicago,385-(340)808-4271,Grim,gjacobsr1,xJBPzGjLU,gperezr1@abc.net.au,62.52,
975,Alice,Chicago,86-(598)980-6300,Graceland,ahillr2,uGCFNYPo,awatkinsr2@wikipedia.org,64.90,119259.92
976,Ronald,Boston,351-(292)246-7055,Dwight,rfieldsr3,6196dFkicr,ralexanderr3@ameblo.jp,43.32,99381.54
977,Cynthia,New York,351-(803)843-9389,North,cnelsonr4,YsVIB2Un,criverar4@homestead.com,40.47,71870.50
978,Bonnie,San Francisco,86-(933)913-0384,Namekagon,bhuntr5,hX6Md7K0,bfisherr5@dell.com,64.82,88973.32
979,Amy,New York,81-(990)490-3267,Artisan,aholmesr6,7WHRmHTy,astevensr6@cam.ac.uk,52.13,101438.31
980,Jane,Chicago,1-(907)985-9931,Katie,jgreener7,GrckZRKQDhh,jrobertsonr7@economist.com,46.69,55737.56
981,Nicole,San Francisco,86-(362)407-2091,8th,ncampbellr8,YeYQk4QMPa,ncarterr8@berkeley.edu,62.75,76049.46
982,Thomas,New York,48-(444)107-4466,Atwood,tjacksonr9,2NBJkvTX2,tboydr9@narod.ru,36.05,
983,Stephen,Chicago,57-(852)430-9711,Heath,spetersonra,bLVvLv5PIy,sarnoldra@weebly.com,33.73,82150.36
984,George,New York,62-(334)713-7561,Holmberg,gsullivanrb,a8wcZowb,gjamesrb@china.com.cn,24.83,49339.99
985,Phillip,Boston,48-(510)338-9141,New Castle,pramirezrc,HYZBjab,powensrc@squarespace.com,28.91,99035.67
986,Cheryl,New York,86-(541)922-0942,American Ash,cbradleyrd,Shh4JhbOs,chowardrd@tripod.com,27.68,86754.37
987,Kenneth,San Francisco,33-(462)209-3478,Morrow,krosere,hOYs2U7l4,ksnyderre@rambler.ru,63.08,50373.14
988,David,Boston,86-(369)767-7569,Mallory,dlarsonrf,mn3RBVkMhlXa,dbradleyrf@1688.com,38.31,
989,Willie,Boston,7-(600)639-6754,Portage,wphillipsrg,jOOqrsGHF,wwheelerrg@eventbrite.com,27.44,91276.33
990,Tina,San Francisco,86-(715)831-1259,Charing Cross,tbishoprh,vumfjJe,tbowmanrh@newyorker.com,63.98,55904.22
991,Kevin,Chicago,54-(851)556-2721,Arapahoe,kperezri,yewjiBRvV,ksandersri@over-blog.com,30.32,
992,David,Boston,33-(964)833-0135,Lakewood Gardens,dcollinsrj,nEcAR7H9,dparkerrj@hud.gov,49.30,110469.43
993,Brian,New York,212-(231)496-8978,Sommers,bmccoyrk,tNTpW1,bdixonrk@theatlantic.com,21.45,35565.66
994,Gregory,New York,382-(593)276-2712,Stuart,gharrisonrl,RjxvrcamQ,gelliottrl@wikispaces.com,43.61,103518.02
995,Angela,Boston,351-(212)702-9110,Clyde Gallagher,agardnerrm,3OLyRU,ahicksrm@google.com.br,28.41,56924.52
996,Doris,New York,86-(808)758-7648,Marcy,dcarpenterrn,l7kRHYz,dleern@blog.com,30.00,89238.59
997,Lori,Boston,52-(438)987-1242,Marcy,lwoodsro,oy3BdImbC,lmatthewsro@bloglines.com,27.70,40320.63
998,Janice,San Francisco,,Warner,jriverarp,7WkAgdV,jrodriguezrp@sphinn.com,,75965.80
999,Ryan,Chicago,86-(501)266-8021,Helena,rbishoprq,3jIwwSK,rkellyrq@boston.com,21.95,35263.33
1000,Patricia,Boston,48-(369)338-8731,Old Gate,pbishoprr,qd3LayJ,pknightrr@intel.com,52.52,32737.09
