1,Kenneth,Boston,55-(414)661-4852,Westerfield,kwood0,wMtXF4x4C,ksims0@i2i.jp,54.02,
2,Wanda,Boston,62-(732)818-0431,Pond,wreyes1,Wxh4lxRCGYh,wschmidt1@oakley.com,57.35,64512.86
3,Steven,San Francisco,351-(820)962-7992,Shelley,sford2,eYEhws4NFsY,smiller2@ustream.tv,32.94,88724.65
4,Matthew,Boston,225-(432)494-8253,Shelley,mgarza3,hbEokVjJ6t,mjones3@vk.com,60.48,
5,Karen,San Francisco,86-(539)507-4599,Starling,khernandez4,vo6HLxMCD0,khart4@purevolume.com,55.72,119038.36
6,Sandra,New York,1-(821)782-7877,Sunfield,shart5,nOJ6SCynPGPB,sthomas5@bandcamp.com,28.53,107388.58
7,Joseph,New York,86-(471)173-4037,Bonner,jlittle6,xAaqpq,jbrown6@symantec.com,22.18,44875.94
8,Matthew,San Francisco,57-(959)607-4701,Graceland,mgutierrez7,4RWlvZiAmN,mdean7@google.es,60.72,79969.64
9,Andrea,Chicago,86-(991)495-0474,Graedel,agarcia8,UeWpJNLqZGjc,agardner8@weibo.com,27.70,109112.80
10,Carlos,Chicago,86-(547)415-7422,Mifflin,candrews9,EpT4tgr,crodriguez9@indiegogo.com,32.94,110729.93
11,Douglas,New York,86-(393)608-8926,Paget,dwalkera,StONKgtH,dmillsa@meetup.com,35.81,98094.28
12,Carlos,New York,86-(278)933-0830,Mallory,cphillipsb,jbIAV8HYT3,csandersb@example.com,21.68,96567.82
13,Lisa,New York,81-(832)336-3074,Gale,lgonzalezc,hjlY19qEZg,lbanksc@google.ca,37.10,107097.42
14,Randy,San Francisco,62-(564)834-0093,Bartillon,rrossd,k05jSwum76,rmurphyd@hao123.com,43.85,76771.90
15,Shawn,Chicago,86-(324)318-9743,Katie,shalle,ALKGdsudd,sjenkinse@squidoo.com,56.30,93532.60
16,Kimberly,Chicago,,Spaight,kmasonf,3YNeno4,ksmithf@mayoclinic.com,43.31,70953.73
17,Donna,Chicago,43-(805)811-8487,Burning Wood,djonesg,rdxtOIUi,dmedinag@skyrock.com,56.40,
18,Craig,San Francisco,86-(314)470-5372,Anthes,cmartinh,99uyq7D0,cwelchh@wikipedia.org,62.29,
19,Antonio,New York,51-(341)944-7362,Thackeray,alanei,NnArgNWPzd,amatthewsi@last.fm,40.28,82826.59
20,Amy,New York,30-(971)407-8873,Pearson,alarsonj,wjw4nXI0ms4c,acampbellj@soup.io,25.12,93302.44
21,Anthony,New York,51-(793)858-5953,Mendota,athomask,7tf4gKJ,afranklink@dailymotion.com,34.52,118609.17
22,Gary,Boston,86-(320)476-5916,Rutledge,gfranklinl,8UIqKNX7,grobertsl@photobucket.com,31.45,
23,Amanda,Chicago,62-(888)346-0959,Truax,alawsonm,U8pES3ezBV,agonzalezm@prweb.com,24.64,
24,George,Boston,351-(945)398-6642,Mitchell,gryann,YnjNY6KSD,gbelln@adobe.com,63.58,65115.64
25,Martin,Chicago,,Ludington,mfowlero,srCrBwp2YYLc,malexandero@reverbnation.com,36.46,55951.88
26,Robert,Boston,357-(424)463-1922,Green Ridge,rhicksp,AzJMNsvV,rdeanp@jugem.jp,55.52,
27,Charles,Boston,1-(521)539-9751,Moose,cblackq,eMha5NuH2,cwilliamsq@newyorker.com,62.99,89025.38
28,Kevin,Boston,,Myrtle,kturnerr,IkjISwPuXW,kmillsr@chronoengine.com,38.84,
29,Carl,New York,420-(205)286-6278,Kensington,cshaws,HmOTHv,cdiazs@ustream.tv,62.20,61515.19
30,Julia,San Francisco,86-(180)339-2995,Troy,jpalmert,Nmlwn8Fcn,jrobertst@paginegialle.it,42.24,
31,Jonathan,Boston,55-(891)444-0281,Stone Corner,jmartinu,1U89C2iOei,jbellu@shareasale.com,41.69,
32,Bonnie,New York,46-(874)570-9518,Union,bschmidtv,UxUOUxcLVls9,bwhitev@time.com,49.27,44007.14
33,Kimberly,New York,86-(259)477-7726,Waywood,kpetersw,93SsDCrl,klawsonw@e-recht24.de,28.94,
34,Jonathan,Chicago,43-(978)317-2664,Buhler,jandrewsx,RopCgRfK,jrosex@hugedomains.com,53.77,
35,Brenda,San Francisco,48-(921)906-4849,Knutson,bellisy,Iw4Ad7T,bhudsony@toplist.cz,33.72,73485.54
36,Bonnie,San Francisco,86-(713)214-3572,Kim,bcarrz,XOMp8vXs,bkingz@gnu.org,63.58,94176.29
37,Gary,Chicago,86-(374)693-6412,Michigan,gharris10,tI8bgd5,gsimpson10@linkedin.com,24.08,46644.39
38,Brandon,Boston,51-(191)420-7227,Acker,bhicks11,FeThP941,bwilliamson11@statcounter.com,63.63,
39,Joshua,Boston,66-(904)946-8976,Armistice,jreyes12,LZUuVVeUpbVb,jmendoza12@bloglines.com,62.03,97242.17
40,Lori,Chicago,509-(640)125-1173,Stone Corner,lwood13,Kov4X0bNWRn,lwalker13@vimeo.com,21.74,117290.12
41,Charles,Chicago,381-(610)627-5511,Forest Dale,ctucker14,J3Qlq7c,cwood14@tripod.com,38.26,38637.51
42,Irene,New York,55-(869)331-6071,La Follette,iryan15,F22hIBeUdU,isims15@about.com,27.09,
43,Karen,Boston,48-(993)716-9653,Hovde,kcunningham16,OeaXW2Xitn8c,kcruz16@home.pl,52.09,
44,Ronald,Chicago,502-(777)630-1463,Columbus,rrice17,KuttVOR6geTr,rramos17@mysql.com,53.12,
45,Pamela,Boston,7-(119)636-2437,Killdeer,panderson18,4GrF06MX,pflores18@wisc.edu,52.25,63006.75
46,Patrick,San Francisco,86-(708)542-9235,Northland,pthompson19,vorT3XRb,ppeterson19@scientificamerican.com,60.86,
47,Henry,Chicago,86-(769)701-3563,Continental,hbrooks1a,aRkgDOjr4ZjJ,hford1a@wiley.com,23.43,
48,Deborah,Boston,86-(854)826-6396,Annamark,dshaw1b,vU6VFiB1b,drivera1b@simplemachines.org,58.63,58659.92
49,Howard,San Francisco,33-(188)625-4241,Rigney,hduncan1c,jfjYXgXIv,hrichards1c@mac.com,64.11,83539.08
50,Ralph,San Francisco,86-(915)395-3378,Linden,rlynch1d,ZcdSq3C8VHP,rbrooks1d@macromedia.com,21.41,
51,Tina,San Francisco,62-(588)681-5782,Division,twatkins1e,Er8tQtP,tjohnston1e@icq.com,22.74,
52,Benjamin,New York,86-(162)680-2112,Anderson,bcastillo1f,IOYzqQDu1L,bhamilton1f@hp.com,38.66,95440.71
53,Frances,San Francisco,54-(806)167-5200,Colorado,fpeterson1g,AeQHccxMlm,ffrazier1g@tamu.edu,35.53,94219.57
54,Andrea,Chicago,81-(903)690-7128,6th,alawson1h,b3ZZpn2Yj,acarr1h@elpais.com,49.54,84149.13
55,Ernest,Chicago,81-(352)617-8690,4th,ecrawford1i,T5v5SXuhSr7,ebradley1i@webs.com,52.31,98904.58
56,Antonio,San Francisco,63-(536)668-1743,Menomonie,atucker1j,jJLB6ykps8Dm,agarrett1j@epa.gov,28.42,
57,Louis,San Francisco,86-(791)665-5319,Roxbury,lhart1k,jcz339LbXIW,lholmes1k@wikipedia.org,45.43,118575.14
58,Robin,San Francisco,1-(212)740-4425,Grover,rwashington1l,D0VZtdPn,rcrawford1l@webs.com,55.53,59610.79
59,Sharon,Boston,86-(411)460-1629,Sunfield,shunt1m,CnbXdRNw,shernandez1m@yolasite.com,62.93,30648.13
60,Matthew,Chicago,27-(256)373-5823,Sugar,mfrazier1n,NvFcBCvdp,mroberts1n@barnesandnoble.com,38.75,65648.25
61,Ernest,New York,1-(253)879-0366,Roxbury,ecarpenter1o,qenBpR,erobinson1o@bbb.org,24.49,49036.43
62,Mildred,New York,44-(364)680-8828,Westend,mperkins1p,m4gTv5T,mreyes1p@over-blog.com,36.26,
63,Martha,New York,,Hayes,malexander1q,yD3YW1,mperez1q@csmonitor.com,28.16,60380.26
64,Jose,Chicago,1-(616)477-0744,School,jmorgan1r,pmn2T9a6hxV,jhughes1r@mapy.cz,30.75,112965.99
65,Joyce,Chicago,66-(721)922-3017,Ludington,jwashington1s,Elj1Sy,jjordan1s@webnode.com,43.34,
66,Richard,Boston,51-(997)502-1935,Brown,rbennett1t,jkPCWfuz23,rramos1t@yellowbook.com,64.42,56170.97
67,Teresa,Boston,46-(317)266-9026,Debra,tgarcia1u,P55xjMxIzD9,trogers1u@unblog.fr,43.43,
68,Judy,Chicago,506-(837)895-1447,Ohio,jjacobs1v,jvcKdei,jrogers1v@huffingtonpost.com,26.88,84814.02
69,Lori,Chicago,93-(182)511-0399,Green,lcunningham1w,WOm5RPE8PeLQ,lpatterson1w@aol.com,30.95,91258.93
70,Ruby,Chicago,62-(373)992-5114,Vera,rmoore1x,3XNmpdnAx4E,rwoods1x@icq.com,62.97,80153.97
71,Ernest,New York,64-(547)637-0900,Stephen,ewelch1y,jP7wce,estevens1y@ihg.com,45.47,33204.24
72,Debra,Chicago,,Crest Line,dhenry1z,AEApZKyZk,drobertson1z@google.ru,42.66,
73,William,Chicago,256-(559)349-5546,Memorial,wlee20,O6o7wIGpfJ,wbell20@behance.net,41.71,50395.22
74,Norma,Chicago,264-(580)122-7131,Huxley,ncoleman21,BFVTMB,npeters21@360.cn,59.53,71301.75
75,Irene,Boston,358-(842)945-0542,Hovde,isanchez22,LUHpckzdQw,iramos22@shutterfly.com,39.18,48051.87
76,Jeffrey,New York,81-(515)733-7868,Novick,jlee23,xMqO85K2,jbell23@nba.com,30.78,
77,Joshua,Chicago,7-(680)624-5797,Sommers,jbrown24,J3YhVNBkGz9j,jrussell24@dedecms.com,50.47,58905.71
78,Anna,New York,86-(593)712-0404,Elmside,agutierrez25,VBDsfj3x,ayoung25@oakley.com,51.74,37223.96
79,Janice,New York,86-(815)676-5579,Troy,jdunn26,HR0uTab1,jjordan26@etsy.com,51.54,63415.21
80,Ruby,Boston,1-(367)115-3575,Randy,rperkins27,TKuQkNFYY,rwarren27@shareasale.com,57.91,67486.30
81,Matthew,New York,,Lunder,mlee28,DDoRABgAzSt,mhudson28@timesonline.co.uk,60.65,
82,Patricia,San Francisco,64-(352)658-5715,Eagan,privera29,G4WM3aWX8Vv,pchavez29@home.pl,24.44,
83,Gregory,Boston,218-(347)622-8663,Weeping Birch,gperry2a,VCRuRGLQK,gfreeman2a@whitehouse.gov,56.03,
84,Steve,New York,963-(454)407-1681,Morning,sstevens2b,PIUmld8,smedina2b@reuters.com,54.42,96347.34
85,Jesse,San Francisco,62-(847)591-3299,Eggendart,jmoreno2c,suc7UPG,jjohnson2c@fastcompany.com,31.95,108616.20
86,Evelyn,Boston,51-(313)268-0564,Dryden,ematthews2d,E7kp1cXRS,ejackson2d@w3.org,33.72,39612.10
87,William,Chicago,593-(337)881-4229,Pawling,wphillips2e,gimjtB,wrobinson2e@edublogs.org,49.53,40918.20
88,Linda,San Francisco,47-(507)718-3211,Cordelia,lwatson2f,bcrWmR7Z9jR,ltucker2f@spiegel.de,64.05,66704.82
89,Jacqueline,Chicago,31-(648)379-2531,Fordem,jwarren2g,zdxPDZx,jgriffin2g@psu.edu,47.56,118461.02
90,Cheryl,San Francisco,62-(731)804-6987,Kropf,coliver2h,8PaQQBVkqc3,csimmons2h@chicagotribune.com,52.98,
91,Joe,Chicago,63-(685)549-4590,Crest Line,jfuller2i,SmEpov,jwood2i@goodreads.com,61.90,44700.07
92,Kimberly,Chicago,593-(413)794-2551,Eliot,kmontgomery2j,LdBFxRcoFpVB,kandrews2j@mozilla.org,22.87,44617.63
93,Christopher,Chicago,66-(801)639-9936,Hooker,clong2k,tUX2yXKj,cyoung2k@liveinternet.ru,61.07,38198.22
94,Philip,New York,86-(657)419-5858,Walton,pharvey2l,t3pu8MZZ,preynolds2l@tinyurl.com,35.08,
95,Clarence,New York,351-(954)892-9150,Farwell,cspencer2m,8DwS6A,cgraham2m@senate.gov,60.47,80252.57
96,Julie,New York,86-(834)305-5395,Vera,jhawkins2n,MRdn0uKos,jgilbert2n@google.it,40.27,63758.87
97,Kevin,San Francisco,265-(380)577-8658,Summer Ridge,kfuller2o,EhLHreNr,kcooper2o@amazon.co.uk,44.10,116525.40
98,Andrea,New York,251-(735)551-6145,Mitchell,ajenkins2p,RT6oLtOE2,amills2p@imgur.com,44.61,32458.65
99,Angela,Chicago,57-(827)100-8537,Kings,apatterson2q,M2qok1Dh239,acook2q@google.ru,59.44,64851.18
100,Rose,San Francisco,52-(296)570-1989,Anhalt,rjones2r,NdOeYGR,rsmith2r@themeforest.net,48.95,68881.51
101,Jacqueline,Chicago,86-(376)815-4179,Eliot,jdavis2s,YyQlFBrc,jdean2s@google.com.br,48.08,103176.36
102,Julia,Boston,351-(381)154-8155,Rockefeller,jpeterson2t,oyWYOXlI,jhayes2t@bloglovin.com,48.68,54386.30
103,Doris,New York,55-(931)662-6945,Meadow Valley,dblack2u,POTNR6mtP02,ddiaz2u@indiegogo.com,32.26,
104,Stephen,Boston,,Manufacturers,smatthews2v,tSbJKjC7yD,sgreene2v@merriam-webster.com,58.06,84094.55
105,Aaron,New York,86-(582)357-4927,Hermina,abarnes2w,rtEfo81KJ,awarren2w@java.com,51.50,108837.50
106,Jessica,New York,1-(768)141-7124,Manitowish,jward2x,gnUkSdwn0,jcole2x@nba.com,44.05,107359.05
107,Dennis,Boston,48-(318)650-8184,Arrowood,dhawkins2y,k1YDY4w,dkim2y@blogger.com,26.95,30550.89
108,Douglas,Boston,,Leroy,dlane2z,EyUouyly,dburton2z@gnu.org,31.72,32764.32
109,Frank,New York,972-(567)631-9212,Norway Maple,fhayes30,p7WyXCW7Ol,flawson30@netscape.com,56.81,104962.93
110,Howard,Chicago,380-(451)148-8818,Corscot,hshaw31,FvExETblBla,hcampbell31@usatoday.com,59.22,
111,Jean,Chicago,62-(169)825-7409,Maple Wood,jwallace32,Pd9slg8J0kau,jboyd32@va.gov,64.78,
112,Pamela,New York,62-(215)840-8632,Crescent Oaks,phill33,l0I6JKvh,ptorres33@irs.gov,57.26,100481.48
113,Diane,Chicago,,Reindahl,drussell34,UQOEXFpME7vY,drobinson34@xrea.com,58.62,32859.29
114,Theresa,Chicago,420-(123)923-9080,Reindahl,tgarcia35,bDjwSAI,tweaver35@tmall.com,62.45,108668.71
115,Eric,Chicago,51-(302)438-1271,Thompson,eperkins36,O61n26J1,ecook36@reddit.com,45.62,117479.74
116,Jeremy,New York,595-(752)715-4138,Nova,jcastillo37,t1fR8rtXOD,jbutler37@irs.gov,48.75,
117,Frank,New York,381-(315)379-1363,Elgar,frichardson38,mWoz80,fhansen38@ask.com,37.10,60978.66
118,Gary,New York,63-(543)308-4765,Reinke,greid39,6ClEXbXYp4uV,gperez39@nasa.gov,40.67,
119,Jeremy,Chicago,66-(509)954-2295,Victoria,jpeterson3a,RRWvJC4WPW,jgonzales3a@oracle.com,61.09,57374.97
120,Ashley,San Francisco,34-(788)746-5090,Maryland,asanders3b,HQIMtVQ,aanderson3b@phoca.cz,28.14,75063.10
121,Evelyn,New York,55-(752)233-4915,Mallard,emartin3c,77wlLVAINfTb,ejackson3c@nydailynews.com,53.83,116434.64
122,Lois,New York,62-(430)520-0756,Dovetail,lmorrison3d,yVkrUxY5qml,lduncan3d@dot.gov,32.29,
123,Patrick,Boston,963-(390)475-9388,American,pandrews3e,aSYW43Rr,pclark3e@nbcnews.com,25.03,67579.85
124,Carl,Chicago,54-(397)673-2235,Huxley,cpierce3f,lfQaAM2Qv,cjohnston3f@go.com,40.50,81960.14
125,Irene,San Francisco,86-(711)865-8098,Thompson,ifisher3g,feX45DNuL,icole3g@arizona.edu,47.51,109641.00
126,Sandra,San Francisco,,Hallows,sjohnston3h,r8UmGX,sgeorge3h@globo.com,41.23,46166.46
127,Donna,New York,62-(889)180-3709,Talmadge,dschmidt3i,6tEfJDa4Y9,dbarnes3i@ezinearticles.com,24.82,58605.10
128,Cynthia,New York,62-(309)409-9570,Thompson,cdaniels3j,1AyOaO,cpalmer3j@wikispaces.com,29.20,
129,Paula,Boston,386-(586)606-6796,Ronald Regan,pjacobs3k,VxwVDh6eFO,pmcdonald3k@elpais.com,51.70,
130,William,San Francisco,86-(930)804-2432,Esch,wbradley3l,xY4tWAJXlq,wfoster3l@google.fr,23.45,
131,Diane,New York,86-(525)448-3900,Jay,dgutierrez3m,v3wEMT5k,dbanks3m@soup.io,46.29,110166.24
132,Steven,Boston,7-(277)859-6941,Messerschmidt,speterson3n,rFm51pXEK,sbradley3n@fotki.com,31.70,42182.60
133,Randy,Chicago,51-(589)975-1565,Elgar,rparker3o,T7aerIjC1,rhamilton3o@goo.ne.jp,31.81,38358.57
134,Carl,San Francisco,86-(902)915-8632,American Ash,cgraham3p,EXUAJUOCy9,crichardson3p@forbes.com,40.31,61427.72
135,Julia,Boston,62-(595)512-0831,Truax,jlawson3q,yWqQsdRP,jhamilton3q@baidu.com,48.34,100567.81
136,Craig,Chicago,86-(382)940-6686,Cascade,cruiz3r,06XNxROR,cclark3r@yale.edu,63.52,
137,John,Boston,62-(284)504-1763,3rd,jowens3s,dHiQAVHxH,jbutler3s@google.fr,48.26,101223.67
138,Lois,New York,46-(394)936-3298,Charing Cross,lfields3t,nWsRPB,lhanson3t@eepurl.com,44.66,73492.29
139,Richard,New York,46-(900)432-2974,Springview,rwells3u,vUaAUN,rhughes3u@ycombinator.com,64.38,38406.12
140,Kathleen,San Francisco,,Artisan,kstewart3v,vw7k9w,kwebb3v@de.vu,64.31,95731.39
141,Jerry,Boston,63-(510)422-3258,Granby,jlong3w,F0t0qHUeMouB,jfox3w@webeden.co.uk,64.32,92548.76
142,Alan,Chicago,7-(998)850-7600,Pennsylvania,awheeler3x,49ROUh7,apatterson3x@nytimes.com,30.23,
143,Rebecca,Boston,46-(862)763-9642,Dakota,rtaylor3y,m3mdTVleDG,rfowler3y@google.com,32.47,47189.84
144,Lillian,New York,86-(392)119-5814,Wayridge,lhenderson3z,Vb3OHTtvCsY,lmiller3z@ask.com,37.31,98067.89
145,Ruby,New York,509-(318)830-5686,Muir,rmurphy40,SuPLRmrVvkR,rrogers40@icio.us,34.48,108419.50
146,Jack,New York,46-(578)572-9739,Vera,jburns41,uKPNKr2BF,jmoore41@bing.com,58.00,54246.49
147,Diane,Boston,86-(610)705-6679,Bartillon,dmatthews42,9Ww1L8M,dbarnes42@craigslist.org,24.66,
148,George,Chicago,,Lunder,gfreeman43,fMWZiPff,gmeyer43@sphinn.com,31.74,
149,Walter,Boston,62-(248)623-9079,Meadow Valley,wpowell44,gGsaGZ,wjones44@yahoo.co.jp,41.70,38839.55
150,Martin,San Francisco,86-(815)576-0359,Elgar,mmorales45,v3Zc3r,mwallace45@miibeian.gov.cn,30.22,40571.38
151,Kathleen,Boston,86-(171)426-6481,Delladonna,khall46,xpsJJI8i21,kgeorge46@ed.gov,52.12,
152,Shawn,San Francisco,255-(973)426-4092,Northport,scarpenter47,zqVYvxQc,shenry47@bandcamp.com,61.83,105538.73
153,Kathy,Chicago,675-(575)932-5788,Dryden,kwelch48,J0rWviBOvID3,kferguson48@bigcartel.com,55.64,32380.44
154,Joyce,San Francisco,46-(315)790-0699,Corscot,jfernandez49,ACTMeiA,jboyd49@weebly.com,39.92,101355.89
155,Nicholas,New York,,Anthes,nrichards4a,6J9udjwyl,nharper4a@acquirethisname.com,36.58,40575.40
156,Clarence,New York,86-(447)787-7672,Brown,cspencer4b,qD8EfbUtT,csullivan4b@ezinearticles.com,26.39,100944.32
157,Louise,New York,7-(561)862-6037,Dunning,lellis4c,oREse0,lwheeler4c@etsy.com,24.72,113878.66
158,Samuel,Boston,86-(443)860-5310,Debra,sferguson4d,Si4bpwjZW12,sgomez4d@berkeley.edu,56.02,
159,Kevin,Boston,,Dawn,kgarrett4e,3WIxt7,kmorris4e@ameblo.jp,37.65,70700.76
160,Martin,Boston,,Golf,mgarrett4f,eaV4bWhDzV8,mtorres4f@photobucket.com,23.58,
161,Martin,San Francisco,7-(670)614-9363,Merrick,mrodriguez4g,oraxbojz,myoung4g@dropbox.com,25.91,
162,Judith,San Francisco,48-(956)636-4900,Bunker Hill,jalvarez4h,9qnJpq8Ky2u2,jboyd4h@paypal.com,43.42,
163,Fred,Chicago,1-(701)696-5326,Florence,fvasquez4i,T961Ba,fwilliamson4i@discuz.net,28.34,
164,Michael,Boston,967-(898)514-1614,Mayfield,mfranklin4j,9DEr6yM4mfjj,mlong4j@usatoday.com,45.13,72576.91
165,Joshua,San Francisco,55-(678)222-5575,Drewry,jcarroll4k,JfqUbs4zg,jhughes4k@slashdot.org,24.68,92999.71
166,Gary,Boston,62-(214)386-6093,Meadow Vale,gparker4l,VtQ08Wv2T3j,gcarr4l@myspace.com,61.30,
167,Melissa,San Francisco,62-(452)617-3597,Burning Wood,mrose4m,FycO0NNInUiI,mfowler4m@smh.com.au,42.31,76523.85
168,Jonathan,Boston,86-(449)507-1210,Mariners Cove,jcooper4n,aTplw9mG43G,jwhite4n@sohu.com,42.66,51317.71
169,Samuel,New York,64-(128)605-0748,Oak,smarshall4o,IyQquUsp,swhite4o@nature.com,26.12,49423.26
170,Walter,San Francisco,86-(838)181-2952,Elka,wgarrett4p,PNQ40c,wreid4p@guardian.co.uk,55.66,105340.98
171,Tina,San Francisco,967-(857)691-7268,Towne,tstephens4q,kFT9vsj,tsimpson4q@php.net,34.40,60235.00
172,Cheryl,Boston,1-(529)785-9314,Dixon,cellis4r,Y7eLgd,cjames4r@goo.ne.jp,26.94,75153.95
173,Christopher,San Francisco,66-(205)308-9746,Emmet,cstewart4s,hX19SXQw5Ft,cjenkins4s@usa.gov,25.88,110851.02
174,Kathleen,Chicago,62-(793)339-3529,Glendale,krice4t,bKPEaMcbdsOf,kpowell4t@google.co.jp,24.90,66584.21
175,Sharon,Chicago,55-(727)949-7715,Nobel,sallen4u,zG6l3gf,smeyer4u@businessweek.com,57.25,112588.42
176,Kathryn,San Francisco,55-(447)358-7598,School,kpeters4v,9zg2uLaVGmc,kjordan4v@epa.gov,27.52,50616.18
177,Harry,New York,57-(308)669-7399,Bartillon,hhayes4w,9k7Fozqa,hmorales4w@about.com,54.66,116208.70
178,Albert,San Francisco,970-(741)424-4033,Lyons,awelch4x,NZF2ebyktw,adunn4x@independent.co.uk,21.19,99347.99
179,Billy,Boston,86-(441)338-5721,Messerschmidt,bmurray4y,xeGsM6,bboyd4y@auda.org.au,52.41,74497.61
180,Betty,Boston,86-(872)474-4816,Mifflin,bruiz4z,cZUZXo9QBJ,bhughes4z@sina.com.cn,28.17,73155.79
181,Stephanie,Chicago,63-(416)873-0757,Pond,sporter50,0TgcQHp1g2u,sjordan50@bravesites.com,21.01,83120.16
182,Anthony,Boston,,Village Green,amendoza51,M8LfxjT5te,abowman51@examiner.com,44.06,
183,Diane,San Francisco,81-(349)135-9771,Summer Ridge,dspencer52,FnfeRm0,dgomez52@uiuc.edu,47.78,52368.17
184,Daniel,San Francisco,48-(375)747-3766,Mcguire,dgordon53,xaeVYYcq97,dsullivan53@hibu.com,38.43,32269.35
185,Carlos,San Francisco,33-(620)147-0435,Kingsford,cpeters54,OHjnznNM,cwood54@about.me,58.52,
186,Wanda,New York,1-(813)863-7818,Barnett,wjohnston55,a1F3BJglgr1,wpayne55@jalbum.net,60.20,92273.10
187,Dennis,Boston,57-(569)586-4898,Burrows,dwright56,lHuFcPWmR,dfernandez56@diigo.com,44.25,53910.47
188,Michael,Boston,60-(340)740-7319,Washington,mhicks57,Oa9pdmNyZDIc,mnguyen57@berkeley.edu,35.39,74638.09
189,Joseph,Boston,86-(424)524-1450,Emmet,jwilliams58,ek3LwWZK4,jperry58@google.com.au,31.83,
190,Amy,New York,86-(113)695-4019,Hansons,ajenkins59,eaBYOKVV,aanderson59@ow.ly,21.68,110908.98
191,Victor,New York,359-(682)320-1086,Old Gate,vharper5a,WQGKGiHom,vcooper5a@bbb.org,47.00,86392.78
192,Catherine,Boston,504-(808)933-7691,Rowland,cgardner5b,mmYaHD,cbryant5b@last.fm,38.47,67529.89
193,Norma,Chicago,31-(451)624-6818,Drewry,nmoore5c,MV0U0Mv56,nowens5c@zimbio.com,58.09,34664.47
194,Russell,San Francisco,62-(549)107-6732,Doe Crossing,rwatkins5d,5o4aEEzl1NS,rspencer5d@cnn.com,59.13,110379.79
195,Richard,New York,970-(183)172-0840,Everett,rdean5e,BC1R11,rtorres5e@youtube.com,28.87,61866.63
196,Tina,Boston,,Menomonie,twilson5f,XayfMYZv,tford5f@vkontakte.ru,21.70,77376.00
197,Carol,Chicago,55-(638)791-8882,Boyd,creid5g,DvO0SCur21ta,cmarshall5g@dropbox.com,25.37,33279.55
198,Martha,San Francisco,55-(204)877-5213,Independence,mruiz5h,3y5jBcjB3w,mjenkins5h@indiegogo.com,42.90,71585.91
199,Matthew,San Francisco,86-(550)901-6103,Bashford,mblack5i,a4Jy7X9I,moliver5i@amazon.de,30.54,57779.52
200,Martin,New York,,Hagan,mbrooks5j,gd3iR0p,mpeterson5j@over-blog.com,61.82,
201,Jimmy,Chicago,381-(887)654-4963,Prairieview,jperry5k,jl7meSBH,jfisher5k@thetimes.co.uk,38.77,109627.76
202,Virginia,San Francisco,55-(286)587-5148,Delladonna,vwoods5l,F0bD6uvIr,vpeters5l@webnode.com,38.98,
203,Doris,San Francisco,48-(530)758-8645,Gina,dthompson5m,TLAu6KGl2F,dphillips5m@statcounter.com,29.03,36959.10
204,Janice,New York,216-(433)576-4043,Maple Wood,jmarshall5n,NXIr7gIbHgf,jyoung5n@issuu.com,27.76,106096.56
205,Maria,Boston,372-(682)265-6272,Mcbride,mshaw5o,5owSa4,mwallace5o@skype.com,60.97,119636.58
206,Gary,Chicago,63-(113)877-8786,Kim,gbrooks5p,VmLsd1HOS,gmitchell5p@livejournal.com,60.77,59045.38
207,Mary,San Francisco,374-(868)666-6272,American,mcarter5q,xdXSN5D0sNnE,mmorales5q@squidoo.com,50.60,
208,George,New York,1-(336)351-4430,Bellgrove,gfuller5r,P2Ql3rvDrk2e,glittle5r@fc2.com,40.03,79042.03
209,Diane,Chicago,66-(495)556-1566,Cambridge,dflores5s,a4xkvAZkz8L,dbutler5s@ovh.net,63.73,81137.51
210,David,Boston,356-(524)317-7967,Chive,dmills5t,uizbjwHANTV,dlittle5t@1und1.de,37.07,31868.10
211,Eric,Boston,34-(692)834-6374,Meadow Ridge,elee5u,BdnlbOrg2OaI,ereynolds5u@irs.gov,55.19,
212,Donald,New York,48-(106)388-9266,Shoshone,dhall5v,xhx74k,dcarroll5v@comcast.net,23.34,
213,Doris,Chicago,353-(717)468-5367,Elka,dkim5w,s4ADul,drichardson5w@deliciousdays.com,23.11,44289.61
214,Frances,Chicago,1-(323)938-2125,Bay,fgarza5x,ywyqoj,fdunn5x@usnews.com,51.40,110173.77
215,William,San Francisco,62-(511)767-1167,Jackson,wscott5y,wXv6igFEJyAm,wsanchez5y@list-manage.com,26.02,95357.01
216,Douglas,San Francisco,86-(156)858-6712,Brentwood,dpalmer5z,VPejCwOt,dbanks5z@cocolog-nifty.com,60.37,99362.98
217,Keith,Boston,1-(380)783-3551,Upham,kstewart60,mRSHaIj,kgrant60@facebook.com,48.36,90320.09
218,Rebecca,Boston,,Carpenter,rburton61,5ZShCI,rmoore61@hud.gov,43.60,110437.80
219,Jason,San Francisco,7-(583)508-1854,Bay,jwalker62,VRKwM0yfe,jfox62@indiegogo.com,42.18,53822.43
220,Christopher,San Francisco,55-(196)352-7783,Twin Pines,cjenkins63,9zZeuydF7,cjohnston63@forbes.com,59.48,58786.99
221,Melissa,Boston,55-(626)789-7908,Bunting,mharris64,1DyqyOKxjE,mlittle64@ed.gov,39.95,91643.14
222,Billy,Chicago,7-(281)732-8783,Heffernan,bcole65,OKZNiYjy35,bedwards65@163.com,22.07,56301.70
223,Judith,New York,,Forster,jlittle66,UP11fMMp6UE,jcooper66@walmart.com,39.39,
224,Edward,San Francisco,98-(463)268-6436,Victoria,eknight67,2KTCoaF0QGfd,ehart67@sphinn.com,26.89,
225,Louis,San Francisco,48-(962)601-2891,Burrows,lmoreno68,CsgWMEQjonmZ,larnold68@nature.com,32.53,31733.71
226,Julia,San Francisco,262-(775)463-3398,Reindahl,jmitchell69,Z7t69c1i,jdavis69@state.tx.us,25.69,40762.92
227,Shirley,Chicago,55-(202)164-4127,Ramsey,sramirez6a,ybrx4ZF,shunt6a@behance.net,39.93,
228,Peter,New York,56-(153)790-2350,Ohio,prose6b,I8n87EzUBu,pbutler6b@guardian.co.uk,40.96,43728.78
229,Michelle,San Francisco,81-(223)273-1620,Burrows,mcastillo6c,N7WCqW,mbishop6c@alibaba.com,31.86,113428.43
230,Mildred,Chicago,86-(534)473-3927,Superior,mcampbell6d,z9Ykwf,mburns6d@delicious.com,52.65,101166.10
231,Harry,New York,51-(579)999-4081,Dottie,hfisher6e,aWI0B2ryxO,hmartinez6e@slate.com,64.01,106497.20
232,Jason,New York,55-(234)676-6424,Oak,jcunningham6f,wfHxU9U2,jharper6f@privacy.gov.au,25.33,79759.85
233,Martin,New York,380-(108)199-2835,Brickson Park,mbowman6g,2ZBnZIxsL,mhicks6g@sciencedaily.com,25.38,110770.02
234,Arthur,Boston,963-(647)939-7237,Oneill,ajacobs6h,lTSGYS,asims6h@opensource.org,40.01,46634.43
235,Billy,New York,381-(591)386-2771,1st,bjackson6i,qqFc4h,bwright6i@rediff.com,41.96,
236,Kevin,New York,33-(447)512-2342,Mallard,kbowman6j,UjQTYi28OMF0,kknight6j@opera.com,25.78,65313.00
237,Diana,New York,86-(828)168-2235,Algoma,dvasquez6k,YTLxJkno2,dwelch6k@ft.com,38.16,61968.46
238,Robert,New York,86-(738)988-8357,Fairview,rcarroll6l,SAn0QhZa7IB,rross6l@mozilla.com,60.53,104322.64
239,Craig,New York,,Sunbrook,cwheeler6m,HFjhPVU,cmoore6m@theglobeandmail.com,29.67,
240,Kimberly,Chicago,995-(103)985-8986,School,kpalmer6n,Kl7GZ8R,kporter6n@tumblr.com,37.48,97331.28
241,Karen,San Francisco,,Vera,kbanks6o,o1EwQ7b,kburton6o@github.io,56.84,49110.76
242,Jesse,Boston,,Orin,jjames6p,ZNO6IFx75L,jwells6p@cisco.com,28.24,55069.47
243,Anthony,Chicago,63-(139)691-7111,Dunning,atucker6q,6jKgjVm,ablack6q@blogger.com,23.21,96932.73
244,Anna,San Francisco,86-(551)664-2465,Graedel,astanley6r,HhGQp0p3P1x6,alewis6r@examiner.com,23.55,46323.46
245,Sarah,San Francisco,263-(237)605-6802,Moland,schavez6s,ubz0eiop,smontgomery6s@ning.com,33.93,31966.85
246,Gloria,Boston,55-(244)475-3958,Valley Edge,ghudson6t,m1uwEQ,gromero6t@foxnews.com,52.49,88416.57
247,Beverly,Boston,216-(949)481-2796,Debs,bpayne6u,oIRBpozscjY,byoung6u@spiegel.de,43.32,110740.00
248,Gerald,Boston,1-(459)553-5532,Clove,gsimmons6v,tTreLdTpRJ,gthomas6v@hibu.com,63.21,
249,Michelle,Boston,63-(116)155-0181,Vahlen,mfernandez6w,VHOgICpW6F,mwilliamson6w@oaic.gov.au,25.81,65674.57
250,Howard,Chicago,86-(523)598-9577,Tennyson,hlawson6x,O5PEyjssDFg7,htucker6x@youtu.be,32.96,54124.50
251,Theresa,San Francisco,63-(852)819-1157,Hallows,tjohnston6y,MEAhe0P,tparker6y@yale.edu,47.17,33444.05
252,Evelyn,San Francisco,62-(509)616-6102,Forster,ejohnson6z,OaRiSpbL2VJ,ewilson6z@360.cn,35.14,40597.53
253,Cheryl,New York,242-(286)403-1145,Derek,crobertson70,QsR5P2dq,cgeorge70@goo.gl,36.85,71583.90
254,Daniel,New York,48-(316)424-8857,7th,dhernandez71,cSd9BWvy3,dfrazier71@oaic.gov.au,54.12,106327.97
255,Wanda,Boston,81-(400)454-5873,Carey,wruiz72,duWhOmUhS,wwatson72@symantec.com,38.81,
256,Jean,San Francisco,86-(670)378-1167,Summit,jpeters73,3wF0Y5YgsQ,jwatkins73@ftc.gov,47.20,82202.14
257,Thomas,New York,62-(229)160-6113,Pierstorff,thall74,mb7qQ9Q3KSG2,tray74@xing.com,28.41,75586.35
258,Gloria,San Francisco,1-(258)621-3322,Darwin,gwalker75,zJ5dOZH,gwoods75@blogs.com,21.80,33610.55
259,Ryan,San Francisco,86-(979)588-4964,South,rsanchez76,A4uq5R,rgriffin76@accuweather.com,31.45,87489.40
260,John,San Francisco,63-(402)799-4939,Sunbrook,jmason77,fPZF0puKA,jandrews77@opensource.org,62.08,
261,Donna,San Francisco,230-(360)654-3252,Oak Valley,drichardson78,kBpC02,dcarpenter78@europa.eu,63.44,
262,Gerald,San Francisco,380-(102)967-4417,Truax,gbrooks79,0LKt4mIq,gharris79@webeden.co.uk,50.38,
263,Johnny,San Francisco,62-(759)457-6500,Stoughton,jpeters7a,kyNN01YBI,jphillips7a@wordpress.org,30.49,84056.31
264,Kenneth,Boston,27-(876)154-6776,Mesta,kmurray7b,m2jIMP8p,khowell7b@bbb.org,47.13,115291.02
265,Kelly,San Francisco,33-(394)566-9986,Rusk,kcastillo7c,qK3RlKr,kclark7c@indiegogo.com,64.14,58677.02
266,Julia,New York,86-(507)631-4606,Sutherland,jjordan7d,Agod6H5rp,jramos7d@tiny.cc,40.58,99161.05
267,Shirley,Chicago,86-(497)641-4848,Towne,slee7e,VFKptPMVf5k,ssanchez7e@plala.or.jp,26.91,58589.44
268,Eric,Boston,,Warrior,ejohnston7f,eIx8XBa1XW,efreeman7f@arstechnica.com,63.21,32004.82
269,Christine,San Francisco,86-(722)604-6997,Petterle,chansen7g,7OhlVpZu4,cbowman7g@google.com.br,53.64,
270,Robin,Boston,62-(932)310-7075,Del Sol,rwalker7h,qzzw176BN,rjones7h@addthis.com,52.51,
271,Todd,San Francisco,62-(458)307-6028,Montana,trogers7i,rskJo6m,trussell7i@timesonline.co.uk,49.77,71644.99
272,John,New York,86-(276)657-9863,Gale,jjackson7j,R4SMO23W7Jlc,jmendoza7j@topsy.com,30.97,100533.24
273,Paul,Boston,86-(234)835-0501,Saint Paul,ptaylor7k,YktUaVVvoh,pallen7k@hugedomains.com,54.61,101533.45
274,Pamela,New York,33-(398)479-4780,Hollow Ridge,pgray7l,SZbSPQuISUFX,pknight7l@discuz.net,44.38,82989.63
275,Alan,New York,962-(533)607-8075,Maple,award7m,7QUfe1S7l7,areed7m@psu.edu,25.40,75474.96
276,Gary,Boston,420-(110)474-6286,Pankratz,gwarren7n,o2H2UCkd,ghenderson7n@apache.org,27.53,111564.77
277,Rebecca,Chicago,46-(146)565-4188,Gina,rsanders7o,kTJfJ1,rwatkins7o@google.com.au,44.72,101424.90
278,Gary,New York,86-(886)997-6707,Debra,gtorres7p,vau7Gbuf1ko,ggreene7p@narod.ru,21.16,32604.60
279,Laura,Chicago,86-(348)564-2237,Granby,lmoreno7q,t4t6b0UdW7vm,lpayne7q@washington.edu,48.24,
280,Beverly,Chicago,30-(330)553-2403,Ridge Oak,bporter7r,2SVKaEFvYLr,bcook7r@opensource.org,45.26,40728.66
281,Ernest,Chicago,670-(636)497-0247,Dovetail,elawson7s,xoFkdiY,ethompson7s@sfgate.com,63.50,97472.90
282,Arthur,Chicago,60-(970)808-4519,Independence,arichards7t,QeXRMZ18Az,aferguson7t@google.es,32.26,
283,David,Chicago,86-(644)464-8969,American Ash,dellis7u,prIyq5TP,dharrison7u@state.gov,48.72,101262.93
284,Beverly,Boston,66-(340)466-3566,Stephen,bpeterson7v,C6Janx6dHuwS,bpalmer7v@va.gov,49.55,119480.94
285,Antonio,New York,351-(689)744-9779,High Crossing,ahill7w,MERysidLUw,aross7w@unblog.fr,40.66,117379.61
286,Sara,Boston,33-(894)467-1751,West,sgeorge7x,8tyF0cyB,sthomas7x@naver.com,40.93,36350.42
287,Richard,Chicago,55-(581)380-1676,Westport,rtaylor7y,N5rOuu,rrichards7y@arizona.edu,25.46,89828.23
288,Christina,Boston,48-(242)470-4015,Holmberg,cwood7z,JsOhLNWtXH,cbishop7z@theglobeandmail.com,61.07,
289,Karen,Boston,93-(707)172-3352,Summit,kking80,5ZhJIZ4,kwhite80@columbia.edu,35.24,71984.16
290,Margaret,New York,51-(745)691-1018,Hazelcrest,mvasquez81,kDWp75,mrussell81@nature.com,64.66,
291,Marie,New York,,Dahle,mhill82,90oyzZ8v,mburke82@ted.com,46.70,89756.52
292,Todd,New York,86-(993)666-7872,Green,twalker83,Zhh9nIyRtSi,thart83@godaddy.com,53.44,116267.42
293,Juan,Boston,852-(481)316-8556,Golden Leaf,jrogers84,ogylMTp9,jgeorge84@prweb.com,54.61,40662.06
294,Michelle,New York,993-(691)388-9753,Little Fleur,msnyder85,GiEJ8AD8,mwells85@ed.gov,30.83,
295,Eugene,Chicago,57-(198)465-6951,Erie,eperkins86,f10PLe9,ecrawford86@baidu.com,33.96,112413.85
296,Evelyn,Boston,86-(322)748-4894,Spenser,epayne87,Ny8vgvdHaqcJ,ewelch87@google.com,62.48,
297,Willie,New York,691-(283)675-2946,Dorton,wwatson88,TZfMn6B,wwheeler88@oaic.gov.au,22.97,
298,Harold,Boston,86-(340)759-3228,Leroy,hwallace89,S8ktAMlK,hwilson89@mtv.com,32.36,83142.37
299,Amy,San Francisco,7-(787)155-7309,Ruskin,aromero8a,978MIOi,adaniels8a@amazon.de,42.11,
300,Larry,Boston,7-(784)610-0014,Oak Valley,lgriffin8b,DuWYUmCGVVWS,lstewart8b@typepad.com,48.27,44955.48
301,Louis,Boston,503-(874)640-0608,Maywood,lbowman8c,4RDBEuDP,llewis8c@homestead.com,64.19,65705.64
302,Bruce,Chicago,351-(583)546-7852,Florence,brichardson8d,mhD2C2DYPzj,bferguson8d@unc.edu,63.67,45897.62
303,Willie,San Francisco,63-(354)473-6689,Susan,wcollins8e,IIFrM7Fws6,wpowell8e@columbia.edu,55.49,102563.40
304,Robin,Boston,30-(105)726-7494,Montana,rdavis8f,9Uguop,rburke8f@gravatar.com,23.63,106479.53
305,Ralph,San Francisco,33-(250)340-8547,Helena,rperry8g,orTRP7U,rdavis8g@google.com.hk,48.40,
306,Carlos,San Francisco,55-(480)578-6163,Buell,cgutierrez8h,DMb1kcFz,cmatthews8h@sogou.com,61.36,
307,Antonio,Boston,55-(172)672-0147,Toban,awarren8i,e0CMDYjvNnuo,alewis8i@lulu.com,39.04,113017.41
308,Maria,San Francisco,63-(834)969-0065,Hagan,mkennedy8j,h4iu68SZxMQ,mwilliams8j@123-reg.co.uk,48.88,
309,Paula,Boston,420-(620)494-1557,Farragut,prichardson8k,pY93Balav,pdunn8k@pcworld.com,27.51,114614.18
310,Catherine,Boston,20-(519)331-0269,Washington,cgraham8l,nVZTMKPPA7,callen8l@fema.gov,61.73,80359.03
311,Fred,Boston,229-(217)842-0640,Calypso,fwillis8m,kSUBBj0wP3,flarson8m@shop-pro.jp,28.15,37127.31
312,Ruby,Chicago,86-(876)196-9588,Anderson,rmedina8n,8iUEwfx8,rsullivan8n@zimbio.com,45.07,107905.13
313,Alan,Boston,358-(681)195-7969,Fairview,aburns8o,1vJO4QVXNjt,aburke8o@fc2.com,41.68,86923.18
314,Ronald,San Francisco,62-(398)794-4288,Alpine,rhayes8p,CASION5LM,rcooper8p@phoca.cz,27.90,90016.77
315,Marilyn,Chicago,,Elmside,mrichardson8q,ln1yapjODs,mcampbell8q@si.edu,56.24,40730.81
316,Anne,Chicago,7-(756)763-3790,Toban,awalker8r,F9vbADZkuL1S,amoore8r@shop-pro.jp,48.58,76310.06
317,Carlos,Chicago,353-(113)214-0166,Debs,cwilson8s,GNaQeKqMWy,cowens8s@cbsnews.com,40.01,46711.29
318,Evelyn,Chicago,62-(109)613-2412,Packers,ebanks8t,3tWIV0t,enelson8t@cdc.gov,36.47,
319,Jason,New York,7-(388)876-6214,Fremont,jlawrence8u,3PBj92M,jhernandez8u@hostgator.com,32.36,68461.50
320,Wayne,Chicago,7-(191)116-5176,Parkside,wmason8v,rRqEIv,wbryant8v@disqus.com,39.09,51668.32
321,Peter,Chicago,27-(108)603-0654,Esch,pgray8w,7WGyLz40,pperkins8w@ucoz.ru,29.49,
322,Ruby,Boston,,Elmside,rgreen8x,JSTVwtl,rwhite8x@qq.com,34.09,64702.47
323,Roger,Boston,212-(212)815-6421,Lakewood,rmcdonald8y,L6DWSi,rnelson8y@friendfeed.com,50.91,44996.84
324,Andrea,San Francisco,358-(274)173-4572,Kedzie,ahansen8z,AKIYvFmP2q3C,atorres8z@friendfeed.com,47.42,43164.67
325,Christine,San Francisco,1-(330)421-2775,Bonner,ccooper90,r3POr1rwb,cstone90@state.gov,53.66,
326,Alan,Chicago,86-(901)656-2765,Golf,arose91,Y2ydofUIj,afoster91@ft.com,23.14,44528.53
327,Jeffrey,Chicago,63-(335)689-8542,Melby,jgomez92,WyudEg,jchavez92@discovery.com,42.26,119439.84
328,Walter,San Francisco,86-(810)528-6264,Browning,wcollins93,rVOBildn,whicks93@blogger.com,48.53,105462.27
329,Bruce,San Francisco,63-(139)267-6532,Sundown,bgriffin94,Id7DRbG,bfoster94@economist.com,38.57,104952.97
330,Lois,Boston,86-(559)351-8851,Granby,llewis95,uVEuBEREiXS,lwilliamson95@php.net,61.12,103385.47
331,George,San Francisco,86-(975)233-5796,Longview,ggraham96,2lIRet,gmitchell96@example.com,35.31,87253.09
332,James,San Francisco,356-(160)841-8909,Tennessee,jgutierrez97,wRp8RwwaQPq,jcampbell97@netlog.com,39.81,59707.23
333,Carol,San Francisco,251-(999)734-3182,Division,cweaver98,xh3WaZ,cbaker98@google.co.jp,51.53,73217.49
334,Teresa,Boston,86-(127)741-7257,Southridge,twilliamson99,Zgrq90D1PtwG,tthompson99@statcounter.com,61.77,117199.10
335,Robert,San Francisco,62-(757)374-2312,Rowland,rharper9a,IONnE8pbXJxX,rclark9a@house.gov,39.49,
336,Jimmy,New York,81-(988)917-8936,Northridge,jstone9b,ODIdATy0ZHP,jcarter9b@privacy.gov.au,43.44,117704.37
337,Andrea,New York,95-(271)184-4013,Parkside,afoster9c,hIdWNPJtKg,anelson9c@constantcontact.com,47.67,
338,Terry,Boston,62-(102)826-7826,Tony,tarnold9d,Nwuz9G9VCw,tfreeman9d@plala.or.jp,51.13,39562.75
339,Gloria,Boston,977-(114)326-8210,Kropf,gadams9e,SoxiLfoFw,galvarez9e@jimdo.com,43.44,97719.11
340,Bonnie,New York,86-(976)963-7621,Spohn,breed9f,iDfaL8Cg2LL5,bwilliams9f@mozilla.org,28.81,
341,Justin,New York,86-(692)221-2907,Mosinee,jstevens9g,DfnoesEp80pH,jclark9g@nhs.uk,37.61,79407.94
342,Christine,San Francisco,62-(834)750-8963,Drewry,cyoung9h,zc98x2qUDEw1,cgarcia9h@upenn.edu,23.98,
343,Linda,San Francisco,383-(775)186-3397,Comanche,lroberts9i,cORgfZlzI,lperry9i@tumblr.com,64.15,111437.92
344,Emily,Boston,353-(545)575-3045,Atwood,escott9j,dB0SBx,emorales9j@biglobe.ne.jp,38.19,88621.35
345,Ruby,New York,86-(451)302-4639,Cody,rpeterson9k,S89Jl3chJ,rhoward9k@unicef.org,40.63,56907.81
346,Nicole,New York,963-(204)669-0819,Dakota,nryan9l,p2kRi49JPx,njordan9l@rakuten.co.jp,52.51,107925.52
347,Robert,Chicago,227-(143)548-5112,Monument,rross9m,qhiDmkqj5Zt,rhawkins9m@va.gov,30.34,30602.56
348,Lillian,Boston,66-(951)426-9770,Duke,lnguyen9n,g0zgKmAA,lreynolds9n@ucsd.edu,59.26,92877.61
349,Juan,New York,62-(412)465-5663,Riverside,jmills9o,9qVbUFo,jjenkins9o@histats.com,43.55,98247.43
350,Jose,San Francisco,48-(489)945-5506,3rd,jwillis9p,UptGMJ2p8yj,jadams9p@apache.org,47.93,49341.78
351,Alice,New York,86-(820)270-1352,Clyde Gallagher,adunn9q,R4hU9Lu6,agarrett9q@hhs.gov,32.01,53600.81
352,Craig,Chicago,86-(948)113-7859,Division,cdean9r,FmPqiuJPIn,callen9r@simplemachines.org,60.30,75178.65
353,Rebecca,San Francisco,63-(144)542-0019,Village,rjenkins9s,QtuDHENpqRT,rgreen9s@wp.com,25.19,102457.14
354,Theresa,San Francisco,63-(947)827-3905,Di Loreto,tcarr9t,QaB1iz,tlynch9t@accuweather.com,54.49,117380.64
355,Paul,San Francisco,86-(852)696-5223,Mallory,pnichols9u,fL8AxXPt8MFk,pbryant9u@phoca.cz,63.42,58001.41
356,Justin,San Francisco,251-(752)450-1819,Kedzie,jharper9v,eGXjXTR1ri,jgutierrez9v@redcross.org,29.33,58061.35
357,Bruce,Boston,82-(567)455-1752,Lake View,bturner9w,U5S3cq,bgreene9w@telegraph.co.uk,23.74,
358,Adam,Chicago,62-(697)230-3993,Dixon,afox9x,HQI8Pt,acox9x@diigo.com,52.91,45765.86
359,Janet,New York,63-(852)992-9125,Brentwood,jtucker9y,qXqKs5,jreed9y@ed.gov,37.16,55592.61
360,Jesse,New York,963-(792)492-3905,Lakewood,jgreene9z,PQFt5XXdt,janderson9z@washingtonpost.com,46.20,116462.72
361,Sharon,San Francisco,86-(201)664-4502,Emmet,smasona0,jG1xujs,sthomasa0@ihg.com,49.36,
362,Scott,Chicago,502-(753)217-1248,Rigney,showarda1,p7UlaEKo8F,ssimmonsa1@bloglines.com,24.83,84878.47
363,Frank,New York,,Butternut,frodrigueza2,PtVlMK,fkima2@uol.com.br,48.60,
364,Brenda,Chicago,86-(738)294-9520,Eastlawn,bolivera3,l7O1CuY0,bkennedya3@myspace.com,41.91,66229.00
365,Larry,Boston,7-(592)383-9386,Orin,llittlea4,noHNScW8,lkelleya4@scribd.com,43.37,85240.81
366,Anna,Boston,86-(510)910-6091,Vernon,aparkera5,KP1d7zJsN8,acrawforda5@twitter.com,42.98,59499.05
367,Norma,New York,54-(966)772-5497,Gateway,ngibsona6,PwPzMpm,nharpera6@canalblog.com,24.10,103799.11
368,Margaret,Chicago,86-(826)453-9061,Prairie Rose,mlyncha7,iGwsVIWnj,mwrighta7@bloglovin.com,62.05,38791.39
369,Steven,New York,55-(250)512-9160,Schurz,slittlea8,1Q32JEzllu,sportera8@icio.us,22.33,79458.20
370,Christina,New York,62-(388)570-5723,Lien,ckinga9,JkCfgEXWG,chernandeza9@ifeng.com,52.63,107422.55
371,Fred,Boston,352-(104)603-9485,Twin Pines,fnicholsaa,iFK59eo,fwoodsaa@discuz.net,27.14,43249.65
372,Charles,New York,380-(451)748-2246,Coolidge,crobertsab,QGsrYg,cevansab@goodreads.com,43.72,
373,Judith,Boston,31-(185)470-3984,Dexter,jphillipsac,nL3Em671pgWp,jfullerac@miitbeian.gov.cn,26.17,94531.36
374,Marie,Chicago,30-(540)527-6365,Lakewood,mperryad,AnT3KCW11aA,mperryad@ucoz.ru,50.76,
375,Jane,Chicago,92-(603)301-8571,Prairieview,jmedinaae,JrlcLWmkdBGf,jmillerae@exblog.jp,50.61,55252.23
376,Dennis,Chicago,48-(916)311-3647,Thompson,dbellaf,zEPUuQ1jz,djohnsonaf@hhs.gov,44.32,62301.53
377,Philip,New York,57-(699)609-8549,Hagan,phicksag,0H18KFPBBzBm,powensag@dagondesign.com,61.79,66359.93
378,William,San Francisco,33-(844)508-5345,Rieder,wfordah,wfwaUwXVCa0w,wgarciaah@google.ca,23.52,92882.85
379,Diana,New York,46-(716)280-1748,Chinook,dbutlerai,OzPozNWhpT5j,dreedai@miibeian.gov.cn,52.84,106880.42
380,Ernest,Boston,63-(636)935-5126,Dawn,eleeaj,AoXs2YW,egriffinaj@php.net,32.02,44355.90
381,Elizabeth,San Francisco,57-(797)107-7482,Fairview,emartinezak,5hrNnvfczLh,erileyak@toplist.cz,41.42,
382,Barbara,New York,62-(584)235-3133,Mallory,bjamesal,ITFCCJJ,baustinal@skype.com,57.56,44967.61
383,Jessica,New York,380-(400)369-0760,Carberry,jbrooksam,JhVBRB3,jwellsam@latimes.com,31.19,37247.97
384,Jason,Boston,55-(296)698-4184,Longview,jholmesan,sVTe0N,jstevensan@ted.com,38.59,
385,Carolyn,New York,420-(907)991-7880,Monterey,cbishopao,5kWt8pp,cduncanao@qq.com,63.35,72208.43
386,Barbara,Chicago,260-(930)112-8647,Park Meadow,bkingap,k9MR8HFII,blopezap@biglobe.ne.jp,38.08,66294.47
387,Brian,San Francisco,420-(321)346-3185,Riverside,bknightaq,t9zkEm99guT,bevansaq@geocities.com,26.13,55108.92
388,Jose,Boston,389-(443)703-5626,Merry,jhuntar,DmibUaw,jburkear@i2i.jp,27.16,
389,Nicole,Boston,380-(364)624-3443,Michigan,nlongas,9qnpGFS57s,ntayloras@netscape.com,51.00,59911.65
390,Anne,Chicago,48-(449)496-9598,Crownhardt,achavezat,k9cAV9SOYmI0,apowellat@mediafire.com,45.69,66177.70
391,Helen,Chicago,970-(165)378-5011,Truax,hortizau,YTGPVDI,hlewisau@last.fm,56.45,40597.06
392,Craig,Boston,86-(632)674-9746,Sycamore,cryanav,3nonNfDv0Tj,cortizav@networkadvertising.org,35.64,34083.08
393,Kathryn,Boston,55-(676)277-2438,Westridge,knicholsaw,73ZxbGnnr,krogersaw@cbslocal.com,41.86,82265.02
394,Arthur,Chicago,46-(288)219-0927,Norway Maple,afullerax,MNwNnd,aandrewsax@theguardian.com,44.46,
395,Andrew,Boston,62-(943)415-5482,Muir,ahansonay,k70zxk9eD6Ip,agreeneay@pcworld.com,46.73,
396,Scott,Boston,,Old Gate,sgonzalesaz,Ta4PMW,shansenaz@ftc.gov,40.31,
397,Mark,New York,7-(114)614-4247,Becker,mfosterb0,hv2o2AegAEF4,mpalmerb0@dagondesign.com,24.18,
398,Gloria,San Francisco,86-(760)449-5399,Dwight,gschmidtb1,mwfNzL,gcolemanb1@blogtalkradio.com,25.29,87135.97
399,Louis,Chicago,7-(978)764-3027,Manitowish,lburnsb2,vWL77SQiJXm,lharrisonb2@xrea.com,40.49,48491.50
400,Sharon,Boston,86-(761)646-1397,Mcbride,sburkeb3,HLAvn6,scampbellb3@msu.edu,36.53,82711.45
401,Janet,San Francisco,,Gerald,jfloresb4,6Od3q8tT,jhillb4@timesonline.co.uk,51.90,76606.80
402,Craig,New York,63-(124)689-5260,Erie,csandersb5,8LmZ3HSMIb,cturnerb5@multiply.com,31.46,81194.65
403,Walter,New York,269-(445)661-5192,Anderson,wcrawfordb6,Jh9yRTu,waustinb6@nsw.gov.au,24.13,
404,Ralph,Chicago,1-(575)960-7180,Dottie,rhudsonb7,NoZcZMwwluT4,rperezb7@goo.gl,50.07,108999.33
405,Victor,Boston,62-(294)647-3361,Wayridge,vgriffinb8,Yj9B83ge3K,vkennedyb8@mapquest.com,51.88,93586.69
406,Peter,San Francisco,507-(987)141-6603,Carey,pwallaceb9,jFdWnw4XY,phillb9@ca.gov,39.47,103212.24
407,Kathleen,Boston,82-(134)473-0634,Corben,kmooreba,HIWKLcVl85,kbellba@dailymotion.com,57.15,104442.71
408,Antonio,New York,7-(502)224-8693,Anderson,akennedybb,rFsAcM,agardnerbb@joomla.org,55.25,
409,Antonio,Boston,46-(948)417-1890,Anniversary,abutlerbc,thqSjdEEkJCS,adaybc@hatena.ne.jp,49.15,114118.98
410,Philip,San Francisco,1-(408)303-4468,Algoma,pgutierrezbd,vnRViw,ppetersonbd@redcross.org,55.38,113086.47
411,John,San Francisco,62-(471)616-0787,Bay,jcoxbe,BJh53zzT,jburkebe@chicagotribune.com,60.60,97851.19
412,Bruce,Boston,502-(411)163-8864,Sommers,bwheelerbf,slnMyNfbLz0,brichardsbf@free.fr,51.97,
413,Annie,San Francisco,86-(614)209-1052,Welch,amorrisonbg,uSXYsn,afernandezbg@vinaora.com,35.36,70239.59
414,Rachel,Boston,351-(609)263-1674,American Ash,rricebh,uMV2Whz90,rhendersonbh@t-online.de,26.76,
415,Katherine,Boston,7-(387)765-3676,Oakridge,kfergusonbi,oOPwKWdKufZK,kgibsonbi@flavors.me,46.98,
416,Lisa,Chicago,48-(537)508-5613,Fair Oaks,lkelleybj,LnnRaoANf,lpetersbj@ftc.gov,22.54,85157.84
417,Alice,San Francisco,48-(451)421-6422,Thompson,agonzalezbk,wOo9TUNpv,aperrybk@sbwire.com,46.35,32908.66
418,Gloria,Chicago,30-(399)493-8610,Mockingbird,gnicholsbl,qkiNMS9,gbanksbl@instagram.com,38.53,54648.38
419,Carl,Chicago,62-(137)150-1189,Quincy,chunterbm,1fU64NgX,csandersbm@bluehost.com,22.49,
420,Mary,Boston,86-(891)106-1471,Anhalt,mtorresbn,lRtBlnYaW,mboydbn@blogtalkradio.com,33.77,80538.48
421,Anna,Chicago,242-(914)532-7458,Banding,aburnsbo,duK3IAzq21oZ,aburnsbo@nifty.com,27.71,
422,Anna,New York,82-(405)309-0816,Green Ridge,aharrisonbp,UoJm5c,ajordanbp@cbslocal.com,47.20,116757.76
423,Shawn,San Francisco,355-(891)518-8327,Waubesa,scoxbq,i2XYwbBDaI9,srichardsbq@spotify.com,33.92,93518.16
424,Michelle,Boston,1-(437)457-1579,Oxford,mmillsbr,bPkAlvCtEZu,mgonzalezbr@desdev.cn,64.02,
425,Juan,Chicago,7-(273)222-3841,Meadow Vale,jscottbs,wnMU0SV,jadamsbs@salon.com,54.38,
426,Margaret,Chicago,967-(810)467-1864,Randy,mfergusonbt,OZX2UX2njI,mholmesbt@vk.com,24.72,79521.69
427,Thomas,Chicago,1-(901)379-2591,Myrtle,tramirezbu,wRXL5ZeV,tgreenbu@indiatimes.com,36.48,78663.90
428,Mildred,New York,687-(598)410-4419,Bluejay,mlanebv,4O11bXVFvgQB,mwillisbv@dyndns.org,58.21,
429,Harold,Boston,380-(791)779-9426,Corscot,hburnsbw,w5bFiBb,htuckerbw@google.co.uk,35.71,
430,Mildred,Chicago,,Schiller,mfranklinbx,x5eayjbFyOMi,mramosbx@facebook.com,31.72,106244.50
431,Bobby,Chicago,358-(472)290-6068,Sutherland,baustinby,zOqb1IS3E,bjohnstonby@smugmug.com,56.49,76176.71
432,John,San Francisco,86-(350)438-0036,Spohn,jdeanbz,QcfMxJ,jmatthewsbz@webs.com,64.12,
433,Jessica,Boston,62-(683)384-9000,Northwestern,jvasquezc0,XqOl90fc,jmillsc0@ca.gov,49.13,35175.75
434,Shirley,Boston,33-(648)288-0452,La Follette,sellisc1,dYjKtVOHDeg,smccoyc1@senate.gov,33.39,65543.66
435,Betty,San Francisco,33-(964)542-0208,Fulton,bcollinsc2,a0xVtZib,blongc2@sohu.com,43.82,59645.38
436,Fred,Chicago,55-(984)451-1681,Springview,ftorresc3,prwkAgG06y,fmitchellc3@ed.gov,41.49,73993.38
437,Gary,Chicago,30-(423)204-8057,Pennsylvania,ghawkinsc4,zZUS2KY,gmasonc4@slashdot.org,47.97,83640.92
438,David,New York,48-(620)417-8928,Fieldstone,dowensc5,qSTp8WgUqqth,dhansenc5@unc.edu,40.15,102978.57
439,Aaron,Boston,351-(234)129-3538,Memorial,ashawc6,cmB6su7x6,astevensc6@mtv.com,36.44,63124.56
440,Jason,Chicago,,Hanson,jrileyc7,fyq3mrfzXApS,jmoorec7@china.com.cn,48.06,
441,John,San Francisco,63-(558)507-2204,Sullivan,jhallc8,AeKNmY2bQ69t,jschmidtc8@paginegialle.it,29.33,44871.31
442,Kathryn,Chicago,,Doe Crossing,kjacobsc9,yEM0FXWjG7,kmurphyc9@1und1.de,64.89,107531.00
443,Judy,New York,62-(986)272-5136,Knutson,jmartinca,tIDTLLiKw0k,jwillisca@weather.com,40.32,
444,Rose,Boston,62-(626)521-3344,Buell,rhayescb,VtkgQII,rharriscb@tinyurl.com,32.49,84324.70
445,Timothy,New York,46-(563)187-5300,Sheridan,tjacksoncc,gYdbiVkDXxXG,tricecc@woothemes.com,35.26,68832.01
446,Eugene,New York,86-(195)106-6365,Jay,ehillcd,DPhTgEjXoqQV,egordoncd@simplemachines.org,58.46,83092.96
447,Tina,Chicago,46-(508)294-4340,Dottie,ttuckerce,weD7MXQ,tcarpenterce@arstechnica.com,40.97,
448,Lawrence,Boston,1-(634)169-0377,Dexter,lgreenecf,bkFETecye,lmillercf@amazon.co.uk,58.19,
449,Michelle,Boston,66-(981)935-6183,Superior,mmartincg,N3x8W1aC,mfernandezcg@webeden.co.uk,32.89,33365.06
450,Tina,Boston,55-(214)695-9757,Shelley,tharrisonch,M7YTUZa,thawkinsch@google.com,43.11,94416.83
451,Patricia,San Francisco,355-(257)855-5285,Corry,pcarrollci,QoHEhVIe,ppierceci@xinhuanet.com,27.23,99459.83
452,Jonathan,New York,976-(812)516-4339,Merry,jtuckercj,iTLfKpySZ,jharrisoncj@canalblog.com,25.29,
453,Billy,New York,30-(813)270-2857,La Follette,ballenck,86wARm4dAzz,bwallaceck@istockphoto.com,42.16,95442.76
454,Anthony,New York,55-(447)188-1616,Stoughton,aelliottcl,jeoJYgg2X,ahansoncl@fotki.com,58.38,116703.58
455,Antonio,New York,62-(731)742-1106,Karstens,alawrencecm,fSTRi9vS,afordcm@is.gd,47.27,
456,Donna,Chicago,385-(695)827-0066,Lukken,delliscn,OPecVonqvg,dgrahamcn@pinterest.com,49.27,
457,Roy,New York,52-(466)215-9342,Fair Oaks,rchapmanco,aVVhxRM,rolsonco@purevolume.com,41.60,92978.78
458,Wayne,Chicago,86-(840)758-7823,Ludington,wolsoncp,LgyDerVEOEt,wcampbellcp@nbcnews.com,44.03,37088.75
459,Brian,Chicago,591-(685)979-5847,Armistice,bpeterscq,H1FMuPoqsBL,bcampbellcq@epa.gov,45.20,65978.18
460,Ann,Boston,86-(431)455-9808,Orin,afullercr,bPqKgbMRwCuw,aallencr@cargocollective.com,59.27,54247.46
461,Rose,Chicago,86-(422)774-5317,Muir,rsimpsoncs,nNBA23dZ,rmeyercs@naver.com,60.29,65839.81
462,Peter,New York,86-(376)612-5788,Meadow Vale,pjamesct,eKwtfsSXNr,pruizct@clickbank.net,62.90,58951.16
463,Brian,Boston,93-(491)934-7952,Canary,bjenkinscu,Ctx65sN9Ncg1,bhartcu@noaa.gov,27.14,42157.75
464,Lawrence,New York,86-(888)938-2410,Westend,lfullercv,Yky0gI,lshawcv@taobao.com,34.90,
465,Ryan,Chicago,7-(769)218-3410,Tony,rgilbertcw,jvwUx1Qm,rhenrycw@lycos.com,36.19,98524.20
466,Jesse,San Francisco,48-(261)246-9185,Granby,jharriscx,2bKZF5tOfEjk,jmurphycx@sourceforge.net,59.78,49273.56
467,Diane,Chicago,86-(733)214-3467,Anniversary,dvasquezcy,lLvcDGlQvuOU,dhartcy@yale.edu,41.30,68388.59
468,Joshua,Boston,7-(767)614-5394,Iowa,jcoopercz,BflV8YPNsJ,jburnscz@dedecms.com,39.15,75608.12
469,Sharon,San Francisco,591-(113)527-3962,Ludington,ssimsd0,fzACapZAH1w,sallend0@photobucket.com,40.32,93674.32
470,Kathleen,Chicago,269-(191)874-4895,Fuller,kknightd1,E6A1VzJmSi,kporterd1@google.com.hk,45.17,115626.28
471,Timothy,Boston,,Butternut,tjenkinsd2,TgT5Mkx1oNN,tgeorged2@multiply.com,28.40,112909.07
472,Fred,Boston,62-(192)576-4238,North,fbutlerd3,6e4tmR,ffowlerd3@csmonitor.com,48.63,
473,Janice,San Francisco,63-(943)401-3566,Shopko,jmillerd4,TWyhqiCTSTx,jwoodsd4@webeden.co.uk,40.17,
474,Douglas,Chicago,63-(944)685-8640,Huxley,dpattersond5,fal1RKX,drogersd5@bigcartel.com,21.46,83038.52
475,Maria,Boston,63-(429)517-0038,Oriole,mtaylord6,4lSIS0hpcG,mperryd6@sogou.com,64.33,92309.38
476,Diana,New York,55-(901)684-9870,West,dgonzalesd7,fuhKrBMWMN,dmeyerd7@aol.com,31.51,92826.69
477,Donna,New York,47-(212)476-4628,School,dcollinsd8,pfmL4ihK,dgomezd8@newyorker.com,56.00,73861.24
478,George,Boston,63-(887)755-5005,Summit,ggrantd9,GZXYZng,gcoxd9@instagram.com,31.61,103044.72
479,Philip,San Francisco,86-(473)236-7169,Oneill,pharveyda,pBKUO03Gtco,progersda@google.es,37.78,117585.80
480,Donald,Boston,7-(158)190-9000,Kennedy,dsimpsondb,7ZlejLlr,dellisdb@diigo.com,49.19,40018.56
481,Jeremy,Chicago,33-(858)968-7341,Summerview,jbakerdc,wx7amMCtL,jfranklindc@gov.uk,26.33,
482,Louis,New York,46-(584)965-1567,Service,landrewsdd,a2UVaNJ0Iw,lshawdd@youtu.be,53.31,
483,Thomas,San Francisco,63-(468)630-7015,Blackbird,twebbde,CBFhzBy3ivX,tcastillode@canalblog.com,31.07,64266.18
484,Virginia,New York,1-(770)547-9353,Little Fleur,vbrooksdf,bkO97UibGC,vmatthewsdf@utexas.edu,26.87,31748.08
485,Jean,Boston,506-(854)709-7785,Judy,jgreendg,th1pwX8j,jwilliamsdg@ning.com,46.56,
486,Barbara,New York,86-(104)790-8961,Dixon,bgeorgedh,CmxuK2avDWE,bmarshalldh@vkontakte.ru,26.72,76662.37
487,Michelle,San Francisco,55-(952)536-4292,Erie,mbutlerdi,T4gomKSHb,mandersondi@bigcartel.com,42.64,
488,Eric,San Francisco,63-(129)576-5564,Utah,ecarrdj,ZUpy9RKXwxWY,eharrisondj@webeden.co.uk,60.78,113207.03
489,Nicole,San Francisco,351-(533)432-9500,Thackeray,nwarddk,rkagxok0qN1,nhuntdk@dyndns.org,52.24,
490,Lillian,Boston,86-(807)464-6079,Northview,lwilsondl,VcjB5B9j,lraydl@wikipedia.org,29.38,
491,Barbara,Chicago,504-(106)105-3863,Fallview,bboyddm,l3nCeDlyM,bmorgandm@umn.edu,39.45,58476.81
492,Carolyn,Chicago,,Derek,cpowelldn,f4nYIN,cwilliamsdn@jiathis.com,43.78,71397.78
493,Willie,New York,62-(209)133-9467,Sunbrook,wmasondo,11P8q0hPEnz,whansondo@jugem.jp,49.00,99513.68
494,Lois,New York,62-(637)229-2005,Bunker Hill,lmcdonalddp,Smr0y85FtF,lstonedp@alexa.com,32.54,
495,Rose,San Francisco,351-(345)108-4700,Brentwood,rruizdq,MXv5zKNB,rgibsondq@merriam-webster.com,45.69,86697.10
496,Raymond,San Francisco,62-(510)970-8562,Jay,rforddr,pNqQ8WV,rreyesdr@gizmodo.com,38.72,61592.11
497,Elizabeth,Boston,375-(727)624-7509,Calypso,emorrisonds,JV41yv2q40L9,eparkerds@sitemeter.com,57.16,
498,Harry,Chicago,386-(288)822-4273,Washington,hholmesdt,S6KvAz,hwillisdt@4shared.com,62.80,
499,Albert,San Francisco,380-(332)448-8110,Columbus,ajordandu,Jd4pY6AQ,acarrdu@deviantart.com,39.40,79711.05
500,Diana,San Francisco,86-(278)414-8835,Debs,dpowelldv,RUJTatD,dwoodsdv@etsy.com,29.86,68934.50
501,Henry,New York,58-(588)724-2806,Norway Maple,hkingdw,cENShc,hmatthewsdw@surveymonkey.com,46.48,90414.21
502,Jonathan,Boston,62-(668)918-1267,Kensington,jforddx,lH7vI4IR,jstephensdx@arizona.edu,29.00,
503,Samuel,Chicago,93-(932)365-1267,Mcguire,swheelerdy,MkmAckE,shamiltondy@cloudflare.com,62.73,115615.69
504,Jonathan,San Francisco,86-(624)903-5331,Beilfuss,jolsondz,OufD8d,jwelchdz@hp.com,64.39,51524.71
505,George,Boston,48-(180)483-7421,Carioca,gbowmane0,J9SL0BV6t,gdanielse0@yale.edu,57.01,
506,Melissa,San Francisco,63-(978)567-8957,Sutherland,mgonzalese1,dsLBQoal,mrobertse1@eepurl.com,23.25,62364.78
507,Lawrence,Chicago,86-(979)414-1828,Badeau,lwilsone2,fw0U8oD,lfostere2@ask.com,46.95,50618.32
508,Irene,San Francisco,234-(465)285-3100,Thompson,icartere3,kWN5dUjy,ihawkinse3@histats.com,51.75,98029.82
509,Irene,Boston,507-(753)314-7333,Chinook,iwashingtone4,hJ9BHmLRrE,ipeterse4@istockphoto.com,50.79,102814.80
510,Eric,San Francisco,86-(870)119-0882,Hallows,estonee5,ONvgjrgF,emorrisone5@ucsd.edu,29.57,98505.95
511,Joe,Chicago,225-(147)385-2994,Loomis,jcrawforde6,OlnbYL,jcarpentere6@tmall.com,31.89,82078.93
512,Amy,San Francisco,27-(509)296-4414,Meadow Valley,ahayese7,wl1AZvT06S,amurphye7@sun.com,41.97,90051.66
513,Diane,San Francisco,62-(685)356-3494,Stephen,dweste8,5YLsQCJ,dmillere8@imdb.com,32.11,
514,Paula,San Francisco,,Russell,ppalmere9,aePzd3z4,pharveye9@goo.ne.jp,49.37,79454.41
515,Albert,Boston,86-(953)603-1525,Holy Cross,arobertsonea,RkiFsRSSsZ,afergusonea@economist.com,31.51,106940.83
516,Russell,New York,86-(686)621-3096,Chinook,rkellyeb,PAIxxF,rmartineb@google.de,45.39,
517,Christina,San Francisco,63-(694)255-0917,Karstens,cmendozaec,4FUQzx4k,cfoxec@ucsd.edu,36.37,85611.67
518,Annie,San Francisco,86-(752)742-0439,Brickson Park,amartinezed,739PKD,arileyed@biglobe.ne.jp,24.09,36188.92
519,Albert,Chicago,48-(838)504-9826,Cordelia,aperkinsee,xQy1cSigODY,aclarkee@jimdo.com,41.97,79583.23
520,Fred,Boston,968-(240)888-4726,High Crossing,fjonesef,uoUi94BBGIn,fwillisef@google.es,24.84,
521,Harold,Chicago,86-(312)665-2577,Dapin,hbarneseg,YImiuyeK8muB,hhansoneg@twitter.com,26.30,106994.24
522,Victor,Chicago,86-(128)464-9067,Riverside,vtorreseh,yo5JpuAAXe,vspencereh@utexas.edu,50.11,62882.83
523,Frank,Chicago,381-(928)728-1903,Del Mar,frobinsonei,DZZ52HGC,fperryei@miibeian.gov.cn,48.30,117396.81
524,Paula,Boston,47-(174)538-8545,Leroy,pryanej,1wXIXHDa,pwalkerej@newyorker.com,46.64,96385.32
525,Todd,New York,86-(133)638-9632,Lunder,tcookek,Cj7q5Q0JB,thicksek@businessinsider.com,58.24,80725.34
526,Debra,Boston,7-(670)447-0641,Onsgard,dwatsonel,bA1aS2X,dsmithel@wordpress.com,45.04,30539.00
527,Jacqueline,Chicago,355-(806)239-0643,Crowley,jlongem,jGUOMJrISf,jweaverem@irs.gov,22.04,
528,Ralph,Boston,62-(964)815-5941,Ridgeview,rhudsonen,FjCYRzewPZ,rgilberten@goo.ne.jp,64.48,71250.01
529,Christina,Chicago,86-(451)486-1071,Spohn,cmorriseo,OSY1yD,cwheelereo@newyorker.com,35.55,84706.80
530,Annie,New York,385-(561)889-5484,Ramsey,aroseep,zgbJm67i94,aduncanep@globo.com,34.87,80053.54
531,Jennifer,Boston,48-(815)273-1118,Forest Run,jstephenseq,jfmYRB,jdayeq@businessinsider.com,30.90,
532,Joan,San Francisco,62-(114)966-6544,Fordem,jmorganer,rjbJF3PwwJ,jstoneer@zdnet.com,47.10,
533,Judy,Chicago,62-(821)848-7833,Calypso,jhuntes,Ojr1vzYSjn,jdeanes@free.fr,46.72,100637.21
534,Raymond,New York,62-(333)810-8947,Hollow Ridge,rcarret,85nxFFERpl07,rolsonet@techcrunch.com,39.80,114448.38
535,Janice,New York,7-(993)840-3580,Shelley,jpierceeu,EMSSVE,jtuckereu@rambler.ru,22.12,113864.31
536,Wanda,San Francisco,46-(579)868-5319,Butternut,wfoxev,VuBT4J2,wlittleev@nifty.com,33.64,97893.64
537,Tina,Chicago,54-(603)117-9728,Anniversary,tortizew,jPd8nnL,tcoleew@domainmarket.com,27.48,47294.51
538,Thomas,New York,84-(166)386-6052,Westerfield,tgreeneex,NN14hLJFe6JM,tsullivanex@merriam-webster.com,35.36,74981.40
539,Alice,Boston,62-(356)331-5135,Bowman,alawsoney,U5y59pcwa0C,arusselley@wix.com,26.81,
540,Heather,Boston,48-(486)259-3292,Clarendon,hmillsez,4EqoRUo,hpetersonez@soup.io,22.40,
541,Kathy,New York,58-(706)233-7795,Packers,kbryantf0,uLzBtphVOpL,kcooperf0@tripod.com,23.02,102159.06
542,Timothy,Chicago,54-(335)230-0337,Truax,tbellf1,bSweIVsNG,thernandezf1@cocolog-nifty.com,56.67,
543,Patricia,Chicago,255-(713)689-0117,Rigney,pwoodf2,2q7F3IOQXecH,pburnsf2@kickstarter.com,44.41,94217.04
544,Carolyn,Chicago,86-(103)458-6620,Mandrake,carnoldf3,PhZQYr,cparkerf3@zdnet.com,38.76,
545,Jacqueline,San Francisco,7-(488)753-8549,Main,jbishopf4,PBxIIA,jwatsonf4@wikimedia.org,28.28,33896.88
546,Brian,New York,48-(762)934-7632,Trailsway,bbakerf5,1PGjYs,bwrightf5@ameblo.jp,51.00,102515.37
547,Laura,Boston,51-(113)183-4486,Grim,lgreenf6,cIBnF3,llawsonf6@a8.net,29.23,71243.63
548,Louise,San Francisco,48-(130)997-0953,Lakewood,lgutierrezf7,SZbikg7lw,lreedf7@taobao.com,27.67,74326.58
549,John,San Francisco,33-(253)282-0228,Parkside,jmendozaf8,HKGIKnx,jlanef8@nymag.com,61.49,106527.11
550,Jimmy,San Francisco,63-(831)873-4065,Muir,jjamesf9,OzGRlPw6cHG,jgrayf9@artisteer.com,49.75,47530.31
551,Jimmy,New York,380-(612)985-2193,Gale,jsandersfa,l2Nzvnaz9fEA,jmatthewsfa@mashable.com,26.13,
552,Nancy,San Francisco,7-(213)876-6685,Quincy,npaynefb,ok0yZQ4Wci,nhillfb@reuters.com,57.69,95705.69
553,Helen,San Francisco,62-(706)996-8747,Artisan,hjacksonfc,IXSnrSDx,hcarpenterfc@ning.com,34.39,75196.28
554,Bobby,San Francisco,62-(497)556-3883,Havey,blittlefd,lyjxySpI2,bkellyfd@ocn.ne.jp,56.32,32950.44
555,Jonathan,Chicago,63-(868)219-6280,Lighthouse Bay,jcrawfordfe,N2B9rUlUZq,jlawrencefe@smh.com.au,38.17,
556,Michelle,New York,54-(200)327-3924,Continental,mrussellff,HIeAxd7,mshawff@free.fr,59.50,46058.66
557,Anthony,San Francisco,20-(256)407-0278,Helena,asanchezfg,AAoZar6O,aandersonfg@1und1.de,49.57,93085.17
558,Teresa,Boston,62-(320)575-0082,Scott,trogersfh,t2vZSyq,tromerofh@liveinternet.ru,27.51,80468.98
559,Johnny,Boston,62-(685)459-2580,Michigan,jgonzalezfi,FyRT0ZUHHEYz,jellisfi@bing.com,22.66,90136.11
560,Emily,Boston,,Tomscot,epaynefj,UGdkWH7Kc,emyersfj@arstechnica.com,32.21,
561,Phillip,New York,55-(872)778-6918,Rigney,pvasquezfk,8X8Hj8IAo5Sv,phowardfk@i2i.jp,27.54,85898.05
562,Virginia,New York,7-(868)570-8494,Oxford,vshawfl,GPhh7SWdt8xe,vcarrollfl@boston.com,39.57,62958.02
563,Walter,San Francisco,86-(901)865-5835,Leroy,wpetersonfm,M0CqlHmy4,wsmithfm@princeton.edu,22.53,75570.65
564,Cheryl,New York,,Morningstar,chunterfn,2iJtlga7p,cpowellfn@skyrock.com,34.35,75983.68
565,Lisa,San Francisco,86-(695)244-1284,Waubesa,lgomezfo,VIBmR1UIZbu5,lfranklinfo@ft.com,51.56,43434.19
566,Brian,New York,57-(592)891-7161,Arizona,brogersfp,NVJ9iFvZQu,bmorenofp@friendfeed.com,36.00,45742.95
567,Sharon,Boston,34-(437)293-4641,Cascade,sbellfq,majFcHwBPV,sthomasfq@squidoo.com,56.13,84352.78
568,Aaron,Boston,63-(867)778-9477,2nd,agrantfr,fXb5TuP,acolefr@eventbrite.com,32.46,110272.15
569,Judy,San Francisco,86-(621)356-6064,Lien,jburnsfs,2IPb6pYEj0,jwoodsfs@lycos.com,25.87,95642.49
570,Christine,San Francisco,27-(406)731-5286,Thompson,chillft,wyOC1jZs8Y,carmstrongft@moonfruit.com,42.41,70984.34
571,Michelle,Boston,504-(254)836-4944,Norway Maple,mburtonfu,NcqQvasm,mkellyfu@nasa.gov,39.34,81939.67
572,Rebecca,Boston,86-(492)264-9361,Towne,rperkinsfv,o4u3yEeYqJYo,rscottfv@indiegogo.com,35.80,
573,Marilyn,Boston,,Reinke,mrobertsonfw,12gg7aC9q,mchapmanfw@scientificamerican.com,44.89,37549.08
574,Christopher,Boston,95-(340)924-6771,Wayridge,cgarrettfx,KKGAGka,cthomasfx@japanpost.jp,60.84,
575,Debra,New York,7-(954)683-3127,Monica,dramosfy,j6cbcjko0a,dkimfy@ucsd.edu,51.97,59518.89
576,Pamela,San Francisco,375-(333)204-8024,Welch,pclarkfz,CVNOU8jpWGI,pholmesfz@shop-pro.jp,25.23,36474.93
577,Annie,Chicago,7-(508)534-5630,Armistice,arobertsong0,U1pmt1xt,ajonesg0@mysql.com,54.16,95437.36
578,Ashley,Boston,86-(349)861-4399,Vahlen,adayg1,iLrYAw,asanchezg1@oracle.com,52.42,
579,Jacqueline,Chicago,218-(129)153-5333,Clove,jtaylorg2,AAJSjo,jcrawfordg2@163.com,22.38,36859.43
580,Kimberly,Chicago,55-(361)481-9552,Spohn,kcruzg3,emR4mvm,krobertsg3@statcounter.com,25.77,57857.42
581,Wayne,New York,81-(845)238-6936,Continental,wedwardsg4,8LbRBWgQ8gL,wstewartg4@shop-pro.jp,54.60,
582,Kathryn,Chicago,55-(224)791-3539,5th,kruizg5,eunI4QkM,kjamesg5@intel.com,25.59,90751.98
583,Lois,New York,86-(922)616-8473,Leroy,lbishopg6,BITBESU6Ta,lkimg6@statcounter.com,51.57,64380.58
584,Frances,Chicago,963-(234)769-8697,Northport,fjonesg7,Hd6ofcQ,fclarkg7@smugmug.com,37.94,102314.18
585,Christopher,Chicago,1-(330)502-2725,Bayside,cberryg8,L6k2ns,cnguyeng8@delicious.com,63.02,43460.45
586,Rebecca,Boston,374-(174)469-7722,Hanover,rsandersg9,p9LaYN8HQ,rriverag9@jiathis.com,54.53,45749.61
587,Kathryn,San Francisco,,Corry,kramosga,HdYI2dGiX,kmarshallga@addthis.com,26.88,76268.18
588,Steven,Chicago,370-(450)663-1605,Harbort,shamiltongb,bmr4dH,sbradleygb@wufoo.com,26.05,
589,Lois,New York,1-(961)904-5710,Barnett,lwheelergc,fg24YWdR8D,lhuntergc@prweb.com,60.72,
590,Kelly,San Francisco,86-(998)624-7838,Spohn,kreynoldsgd,T41sUqfKY,khendersongd@buzzfeed.com,42.69,58758.84
591,Rose,Chicago,7-(180)506-8036,Maple,rspencerge,zq4fBU5OBCPn,rmorrisge@yellowbook.com,44.27,44351.31
592,Roy,San Francisco,,Marquette,rromerogf,VPdnUekZemx4,rstevensgf@unicef.org,21.21,
593,Justin,Chicago,234-(537)469-9763,Debra,jalexandergg,0hvDLv,jpiercegg@t.co,62.13,43415.21
594,Brandon,San Francisco,351-(927)434-1679,Annamark,breidgh,ndO3WKh7,bchapmangh@cpanel.net,42.18,
595,Margaret,San Francisco,1-(918)997-6094,Bartillon,mpetersongi,fdqsJxLz,mgilbertgi@prweb.com,47.37,
596,Raymond,San Francisco,63-(969)749-6496,Hovde,rcolemangj,7luGpbB,rtuckergj@wordpress.org,22.43,40755.39
597,Debra,Chicago,31-(639)121-3454,Knutson,dgonzalezgk,6OPdTC5Me,druizgk@soundcloud.com,31.37,50754.90
598,Dennis,Boston,32-(825)702-7896,Loomis,dreidgl,2Om7Tur,dtorresgl@exblog.jp,54.23,
599,William,Chicago,86-(381)889-6324,Blue Bill Park,wbryantgm,IuslXYMu2,wbryantgm@howstuffworks.com,52.01,42099.91
600,Helen,New York,,Beilfuss,hreyesgn,HSJ1QQzApzh,hwilliamsgn@businessweek.com,61.39,105460.64
601,Eric,Chicago,,Rusk,elarsongo,VeQV8L,ehudsongo@123-reg.co.uk,38.72,82334.94
602,Scott,Chicago,98-(909)225-4307,Heath,sgordongp,Hk5pjBc,ssnydergp@senate.gov,30.89,109329.17
603,Jean,New York,56-(765)151-7036,Ludington,jcoopergq,6OPljXBx,jshawgq@discovery.com,63.70,119457.30
604,William,New York,55-(973)132-4583,Carpenter,wshawgr,AchNT0DfH,wfreemangr@furl.net,64.16,59820.59
605,Shawn,New York,62-(930)805-7368,Kensington,sbakergs,1ODDnLwp,sdaygs@discovery.com,55.42,113555.00
606,Norma,New York,385-(482)325-7926,Jana,nreidgt,8EPhGVQO5,nrichardsongt@mashable.com,45.41,
607,Paul,Chicago,7-(930)647-1689,Scott,pbutlergu,l1c4Wkuelv,probertsongu@cnn.com,39.30,98829.43
608,Gerald,Boston,385-(897)592-5965,Ludington,gmendozagv,rnuM6NYx,ggordongv@sciencedirect.com,25.45,
609,Arthur,Boston,383-(461)669-4279,Walton,aduncangw,iBeZFTjKdC,anicholsgw@senate.gov,39.34,68377.27
610,Shawn,Chicago,62-(522)357-7507,Quincy,sbellgx,qLl4c8PM7nc,sbakergx@buzzfeed.com,45.37,
611,Jack,Chicago,84-(975)839-1490,Messerschmidt,jgrahamgy,4U0wy3e,jwebbgy@wisc.edu,52.75,93783.75
612,Lisa,San Francisco,1-(212)191-0094,Londonderry,lboydgz,7RG7t6ym,lhenrygz@alexa.com,42.18,105210.41
613,Donna,Chicago,55-(539)964-0880,Buell,dramosh0,1G8aEmEU3,dryanh0@angelfire.com,50.38,116060.54
614,Steven,Chicago,,Lerdahl,spalmerh1,6Etfdf5IF,srichardsh1@drupal.org,58.21,96299.98
615,Roy,New York,850-(160)244-1233,Meadow Ridge,rlaneh2,VIrkrZ1J,rcarrh2@stumbleupon.com,25.96,40972.88
616,Judy,San Francisco,1-(212)363-9203,Tennyson,jberryh3,s53JJ4PE8orH,jfoxh3@engadget.com,23.66,
617,Joe,New York,351-(668)615-3926,Dottie,jduncanh4,Jfp8vbqnb,jpayneh4@sciencedirect.com,64.26,
618,Tammy,Chicago,385-(566)634-8013,Corscot,tdavish5,izhI4CjID7,ttaylorh5@goo.gl,25.18,
619,Sandra,New York,86-(563)630-2901,Meadow Valley,srayh6,5hYylpTCZU,spetersh6@blogtalkradio.com,51.55,78105.78
620,Michelle,San Francisco,54-(740)762-0478,Trailsway,mmorganh7,Jufnob,mrichardsonh7@google.co.uk,23.92,107402.24
621,Lori,San Francisco,63-(496)373-9290,Linden,ljacksonh8,JyrhbNHWjI,lhowardh8@loc.gov,37.82,
622,Louise,San Francisco,1-(312)784-0580,Nevada,lreidh9,YRjoVXB,lfieldsh9@constantcontact.com,38.36,77378.84
623,Martha,Chicago,86-(418)425-9635,Fair Oaks,mmcdonaldha,GNpuAtpWhvQz,mgarciaha@economist.com,28.29,76525.77
624,Christina,San Francisco,,Mcguire,ccarterhb,iAcmXfSz,cwoodshb@walmart.com,58.34,64394.91
625,Gloria,Boston,66-(911)333-3349,Hazelcrest,glanehc,CpJ2g6,gstewarthc@com.com,64.59,51258.12
626,Earl,Chicago,,Prairie Rose,egarciahd,Jni9kK2fn,egranthd@merriam-webster.com,22.40,109768.03
627,Emily,New York,7-(536)169-0858,Lyons,ecolehe,1kVtvbiz5R7,ethompsonhe@behance.net,28.56,94583.86
628,Tina,Boston,380-(582)399-8470,Manufacturers,trussellhf,UJcYMWxsxZvA,tmoraleshf@studiopress.com,54.55,67082.64
629,Maria,New York,55-(138)773-1075,Merry,mhunterhg,mzkdSXe,mnguyenhg@google.nl,57.37,80992.13
630,Paul,Chicago,1-(379)590-4344,Sutherland,pstewarthh,BDIl7DQUQ6T,phunterhh@sakura.ne.jp,53.24,98781.41
631,Lillian,San Francisco,62-(927)786-9921,Granby,lmontgomeryhi,ecWnHo,lgomezhi@hibu.com,27.99,88530.67
632,Arthur,New York,374-(208)223-0360,Pleasure,aellishj,AAVguymFN,alittlehj@blogs.com,46.91,64376.01
633,Lawrence,Boston,86-(592)934-5511,Victoria,lbradleyhk,BPGJ7XWT,ljacobshk@dagondesign.com,33.68,39504.23
634,Dennis,Boston,86-(215)767-1998,Sachs,dcollinshl,jdQJadwe,dwilsonhl@meetup.com,41.07,72369.38
635,Cynthia,Chicago,974-(998)625-1883,Towne,cjoneshm,3xj110leAr,cmendozahm@jimdo.com,22.35,115572.79
636,Russell,Boston,86-(136)197-5837,Gateway,rleehn,1plRGuA,rbarneshn@intel.com,56.09,99410.41
637,Deborah,Boston,234-(669)679-0510,Kim,dhendersonho,zvt0Ymz,dgonzalesho@yahoo.com,23.07,
638,Ann,San Francisco,86-(631)390-5949,Mcguire,apetersonhp,zaJNPi5Jxx,adavishp@free.fr,64.68,58863.00
639,Fred,San Francisco,47-(634)842-8108,Schurz,fbrookshq,optsxY8Ize,fjoneshq@4shared.com,59.16,89003.91
640,Chris,Chicago,62-(455)602-0147,Old Shore,clittlehr,9NwAeov4SxZJ,cbrookshr@blog.com,25.98,78066.74
641,Ruby,New York,351-(805)147-0309,International,rtuckerhs,txwILsn,rsandershs@dropbox.com,32.95,
642,Jeffrey,Chicago,86-(326)926-0143,Boyd,jpalmerht,IhTkDVwEV,jkimht@mapquest.com,25.63,106518.29
643,Alan,San Francisco,1-(571)385-3103,Blue Bill Park,aarnoldhu,jDYez8ZWpS,aricehu@samsung.com,44.60,70139.52
644,Harold,New York,351-(692)391-6062,Laurel,hbradleyhv,VK3wwzTA6,hwrighthv@over-blog.com,50.40,
645,Nancy,New York,63-(798)877-4387,Nancy,nortizhw,tOwz7U86RU,nkinghw@bluehost.com,63.63,90216.97
646,Patricia,San Francisco,57-(781)503-5431,Longview,pmeyerhx,hQV295,ppiercehx@hc360.com,42.93,86482.36
647,James,Boston,86-(234)312-7134,Gale,jmendozahy,VKGG1t7V,jpowellhy@epa.gov,33.85,87157.85
648,Anne,San Francisco,63-(766)964-9717,Anthes,apricehz,ZpxXob,ahowardhz@columbia.edu,42.27,64628.24
649,Sandra,New York,33-(771)157-7214,Schurz,sbowmani0,ABd805j,sevansi0@delicious.com,33.42,44927.82
650,Wayne,Chicago,66-(598)921-5660,Delaware,wfreemani1,b9EL2vvCZLHP,wperezi1@earthlink.net,35.61,52354.25
651,Harold,Boston,351-(735)867-7891,Lakewood Gardens,hwebbi2,FWJI3jq7Fls,hcooki2@mysql.com,47.05,81939.10
652,Raymond,Chicago,55-(910)842-9168,Elmside,rreynoldsi3,iB7J7n6,rfranklini3@businessinsider.com,27.63,
653,Christopher,Chicago,86-(548)487-8858,Havey,cstewarti4,zQx2oidu1por,chowelli4@wix.com,30.69,88593.29
654,Howard,Boston,30-(814)401-9119,John Wall,hgreenei5,DDocUoP4,holiveri5@wikipedia.org,36.87,
655,Lori,New York,52-(227)222-3470,Doe Crossing,ljohnstoni6,Xw8JaXtx,lfloresi6@simplemachines.org,35.69,31349.72
656,Robin,Chicago,81-(934)876-5837,Hanover,rmorrisi7,K47oiqFlfX,rellisi7@yahoo.com,50.06,92765.13
657,Sean,Chicago,63-(751)299-2011,Havey,sgutierrezi8,QAvr7JGxQv,sfergusoni8@nps.gov,22.03,
658,Louis,Boston,86-(452)411-4643,Kim,lstanleyi9,dvDFM5CV2,lharti9@creativecommons.org,58.17,36578.52
659,Wayne,San Francisco,62-(332)476-2099,Clemons,whartia,Gif2ol5b9O8,wsanchezia@tripod.com,32.85,100140.00
660,Shirley,San Francisco,30-(139)450-3959,Summit,sstevensib,gxCcpnRMF,snguyenib@seattletimes.com,53.24,
661,Steven,Chicago,33-(588)504-8448,Pennsylvania,scrawfordic,CLsSKbG,sbaileyic@nhs.uk,41.63,
662,David,New York,46-(679)318-4321,Arizona,dwelchid,pvXzyws,dboydid@patch.com,35.09,
663,Deborah,New York,46-(459)723-4201,Brown,dboydie,2JhMjU,drichardsonie@upenn.edu,39.04,
664,Pamela,San Francisco,49-(684)431-6502,Dottie,pcollinsif,qB4urX,pmontgomeryif@51.la,64.31,106187.87
665,Joseph,San Francisco,86-(417)294-8742,Scoville,jchapmanig,imKgWp,jfosterig@geocities.com,26.03,61194.53
666,Rose,Boston,48-(816)469-1406,Redwing,rsimpsonih,aT7D5RIvw,rhawkinsih@last.fm,31.55,49748.88
667,Rachel,Boston,1-(871)576-8916,Messerschmidt,rharrisii,Wu16GgF,rroseii@state.gov,21.00,30129.33
668,Deborah,New York,62-(875)386-0462,Loomis,dwhiteij,eLcxF0DDlLB7,dgreeneij@spotify.com,61.43,33292.02
669,Julie,Boston,,Kenwood,jmasonik,Yps7eooS,jwilliamsik@sfgate.com,46.60,102431.69
670,Donna,New York,970-(589)144-4107,Mcguire,djacksonil,xxir1dfa7f,dlarsonil@ebay.co.uk,61.16,50967.51
671,Phyllis,Boston,86-(226)542-3334,Anthes,pedwardsim,MAGWnNxW,pgomezim@apple.com,50.54,35728.44
672,Dennis,New York,,Haas,dtaylorin,EExhkfaq9GSd,dcarterin@plala.or.jp,49.13,61716.18
673,Julia,Boston,353-(847)150-4009,Pennsylvania,jtuckerio,PNcdl4,jwillisio@seattletimes.com,38.31,
674,Carol,New York,1-(385)394-9391,Bultman,ccrawfordip,Mp76pUYB,cjohnstonip@xrea.com,43.29,71577.36
675,Bruce,Boston,62-(635)892-3889,Luster,brobertsoniq,CdQ47E,bblackiq@so-net.ne.jp,44.36,104199.90
676,Sara,Boston,86-(529)214-5685,Summit,sboydir,3WbiU4,sgardnerir@stanford.edu,33.06,
677,Gregory,Boston,86-(476)588-2494,Buell,gjohnstonis,5Kb5EF2,gbrooksis@amazonaws.com,46.40,
678,Ruth,San Francisco,63-(823)730-9542,Dakota,rcoxit,CggYXNG0RT4,rgreeneit@nationalgeographic.com,30.15,30054.56
679,Diane,San Francisco,351-(263)593-7748,Leroy,dgonzaleziu,K8FL3P5rO9,drobertsiu@spotify.com,63.98,106271.88
680,Earl,Boston,66-(647)831-8054,Holmberg,edavisiv,fYDkr80FS,eberryiv@wikia.com,61.27,58309.51
681,Shirley,Boston,374-(594)148-4300,Fuller,swatsoniw,ovhkY1T,sdunniw@photobucket.com,50.54,82090.50
682,Cynthia,San Francisco,351-(474)803-0710,Browning,crayix,6qZATkV0bQ3r,cbutlerix@moonfruit.com,48.68,31811.29
683,Adam,San Francisco,62-(127)108-5855,Bashford,aharrisiy,CfGmL3p5OO,abarnesiy@feedburner.com,25.92,66503.79
684,Gloria,Chicago,595-(357)149-3417,8th,ghowelliz,AuN3Dh,gbowmaniz@chron.com,31.79,
685,Henry,New York,86-(621)275-2397,Acker,hlewisj0,dYCvHiz,hfordj0@mozilla.org,58.33,114493.50
686,Peter,Boston,86-(427)569-6847,Lindbergh,ppiercej1,EGpilk4,prosej1@gravatar.com,59.74,44429.55
687,Christopher,Chicago,86-(522)406-9669,Briar Crest,cfernandezj2,pl3kDcBpjg,clawsonj2@taobao.com,38.30,115624.78
688,Ronald,Chicago,52-(882)433-7461,Reindahl,rmorrisonj3,KVy3hGato,rjacobsj3@hatena.ne.jp,23.51,81504.13
689,Frances,Chicago,504-(215)192-2759,Thierer,fgrahamj4,oaFt4vl6H,fknightj4@oaic.gov.au,61.02,40573.01
690,Christine,New York,86-(830)184-9063,Russell,cjohnsonj5,dv88SruX6TBZ,cromeroj5@wikimedia.org,51.65,34480.42
691,Sharon,New York,86-(612)864-0388,Hovde,sshawj6,d7AVufJWH,srobinsonj6@mysql.com,24.01,
692,Beverly,San Francisco,855-(898)933-5511,Washington,bcruzj7,qH2z5L9,bevansj7@hp.com,45.55,115337.38
693,Daniel,Chicago,963-(787)871-3696,Burrows,drosej8,c1SfWNlvE4aX,dsandersj8@elegantthemes.com,63.87,
694,Michelle,Boston,357-(862)561-8132,High Crossing,mwoodsj9,6T4LqJBe2z,mwhitej9@goodreads.com,64.97,89952.04
695,Doris,San Francisco,351-(763)946-1854,Stone Corner,dchapmanja,lthFjwAKGJ,dshawja@rambler.ru,57.93,84798.89
696,Maria,New York,1-(843)565-2548,Bay,mrodriguezjb,MH6eI2pnybm0,mmurrayjb@github.com,23.61,118774.33
697,Douglas,Boston,351-(799)525-7455,Corben,dryanjc,N4jugMXW,dpalmerjc@dagondesign.com,38.23,102617.89
698,Sara,New York,353-(182)272-0755,South,sstanleyjd,MoV5moKP,ssnyderjd@mysql.com,57.11,73257.27
699,Chris,New York,,Graceland,cfieldsje,MTHCaQf,cblackje@digg.com,40.60,63984.53
700,Sharon,Boston,351-(577)665-8565,Russell,swebbjf,e2KRu7,sgarciajf@reference.com,26.88,63338.22
701,Joshua,San Francisco,856-(413)618-8849,Northport,jjacobsjg,W7KDt0ug,jcolemanjg@i2i.jp,21.24,60868.59
702,Gerald,San Francisco,977-(559)315-6857,Kinsman,gphillipsjh,hOe7xG,gstewartjh@weibo.com,52.53,109856.78
703,Lillian,New York,63-(919)187-2698,Mesta,ledwardsji,Zlp1WV,lgreeneji@statcounter.com,51.55,98586.86
704,Anna,Chicago,381-(578)481-5829,Colorado,akimjj,Bb8ihH,aparkerjj@icio.us,28.95,32434.72
705,Kathy,Chicago,57-(692)814-6390,Surrey,kreynoldsjk,8g0IruM,kfranklinjk@printfriendly.com,63.15,34031.77
706,Amy,San Francisco,51-(759)272-8648,Browning,alarsonjl,yFtu2UyBoFm,amatthewsjl@clickbank.net,26.74,35788.55
707,Cynthia,Chicago,7-(882)517-5071,Packers,cfrazierjm,q1CZ0X,cstewartjm@paginegialle.it,24.87,88919.49
708,Roy,New York,52-(780)627-5041,Butterfield,rbrownjn,1RA6k1qEz,rjacksonjn@ameblo.jp,56.18,70057.49
709,Norma,Chicago,86-(365)542-9026,Vera,nrossjo,pacDKPKeMxgT,nstewartjo@surveymonkey.com,34.07,98465.72
710,Joseph,Chicago,86-(757)802-3144,Merchant,jmontgomeryjp,ZccWh9qP,jmorrisjp@deviantart.com,22.69,116194.72
711,Christina,Chicago,420-(342)728-9210,Tomscot,cfullerjq,pzCND1g7qx,clawrencejq@fastcompany.com,36.09,101636.82
712,Barbara,San Francisco,7-(563)876-1489,Rigney,bduncanjr,OmV69udNQ9,bbarnesjr@diigo.com,38.43,68524.11
713,Douglas,San Francisco,998-(638)340-4166,Mcguire,dblackjs,D0C8LG7,dmillerjs@dedecms.com,43.42,101684.80
714,Pamela,Chicago,353-(582)670-5217,New Castle,pgonzalesjt,SLi0pFpoCm6,prileyjt@facebook.com,33.29,75742.72
715,Tina,Boston,225-(688)786-3037,Hauk,tstewartju,gJXUtN5c6H,tnicholsju@bing.com,42.63,118787.70
716,Cynthia,New York,62-(699)662-3508,Bluejay,cmurrayjv,5eQaifWs4,cdiazjv@hp.com,58.08,30430.38
717,Pamela,Chicago,86-(553)689-3704,Towne,pfieldsjw,eQ2ieIUed,pcollinsjw@blogs.com,48.22,50877.91
718,Jeffrey,Boston,505-(506)474-1752,Lillian,jbowmanjx,zASNVk1wO,jhowelljx@omniture.com,28.73,53589.88
719,Pamela,New York,94-(739)315-8551,Michigan,pbennettjy,Lzqes1w,pperryjy@networksolutions.com,51.08,55567.31
720,Barbara,Chicago,,Bonner,bscottjz,pCF9GPhutB27,bnelsonjz@themeforest.net,49.36,
721,Alan,Boston,33-(935)565-4931,Hoffman,aporterk0,gWfjXVp,aowensk0@amazon.co.uk,33.64,
722,Paul,New York,56-(244)246-7884,Toban,pharperk1,2qdCWi5q,pdunnk1@deliciousdays.com,21.66,37860.20
723,Thomas,Chicago,66-(479)717-1378,Elka,tfisherk2,JZjnNiDA,tmitchellk2@ovh.net,48.06,52882.84
724,Janet,Boston,54-(161)173-8809,Vahlen,jdiazk3,j99Wm312Ai,jlawsonk3@noaa.gov,49.07,59653.83
725,Julia,San Francisco,62-(159)931-4860,6th,jmcdonaldk4,BujhGZvVw,jlanek4@wp.com,38.07,105281.73
726,Timothy,San Francisco,62-(455)701-5240,Eliot,thicksk5,CdhsZOih,twestk5@dailymotion.com,62.17,
727,Janice,New York,62-(457)184-2218,Lakeland,jbrooksk6,moPBJY1FjK,jfergusonk6@marketwatch.com,30.33,
728,Kathryn,New York,86-(482)210-3085,Prairieview,kdeank7,MGZyz7c,kjordank7@icq.com,23.18,46592.96
729,Pamela,New York,351-(239)115-9970,Evergreen,pkingk8,N0MNtJo3UGs,pmurrayk8@photobucket.com,24.55,113721.84
730,Karen,San Francisco,86-(161)696-3738,Hoffman,kfreemank9,QzcQ8w,kromerok9@joomla.org,38.80,44821.88
731,Mark,San Francisco,94-(890)904-4556,Gulseth,mhugheska,YgsSWli,mgarzaka@google.ca,57.92,
732,Katherine,Chicago,420-(301)822-8663,Eastwood,kgonzaleskb,Gfpr65fYQ5,kwallacekb@sbwire.com,46.03,76718.88
733,Kathy,San Francisco,291-(371)504-7547,Bultman,kharveykc,qdiCIPkIO,kwoodskc@gravatar.com,22.45,51150.38
734,Bobby,San Francisco,30-(606)284-8305,John Wall,bryankd,FtY2nDb5,bperkinskd@timesonline.co.uk,29.91,
735,Kathy,Chicago,62-(809)977-2944,Schiller,kjohnstonke,Ju3FkRQkhE9,kstoneke@rediff.com,52.79,85302.61
736,Jonathan,New York,81-(506)861-6355,Loomis,jperezkf,vrfOFe,jmoorekf@odnoklassniki.ru,41.17,89015.90
737,Ernest,San Francisco,86-(316)571-8825,Almo,emorgankg,BqT9L0NCys,ejohnsonkg@comsenz.com,37.79,
738,Lisa,San Francisco,81-(660)649-0289,Cardinal,lhenrykh,nZDrmdkCl,lalvarezkh@hp.com,23.23,94169.39
739,Christopher,New York,46-(460)691-1030,Barby,cmorriski,PSAklGxv,cstephenski@bravesites.com,22.90,54123.43
740,Steven,Boston,504-(656)960-8713,Leroy,sgreenekj,lEDPyDR,sgarrettkj@com.com,29.39,51093.71
741,Scott,Chicago,86-(121)695-9005,Hoffman,sjohnstonkk,2VkNbE,slawrencekk@prlog.org,21.21,30493.83
742,Christopher,San Francisco,1-(608)856-5766,Briar Crest,cchapmankl,ArGxlP,csullivankl@msu.edu,30.27,
743,Jason,San Francisco,46-(751)796-6338,Thierer,jchapmankm,PFW7Sjfl,jnguyenkm@ovh.net,24.70,51336.79
744,Sharon,Boston,63-(787)453-7589,Scoville,spetersonkn,Mr6reEAdAoVS,sbishopkn@surveymonkey.com,54.34,
745,Julia,Chicago,62-(940)731-0959,Nevada,jreynoldsko,RD6Zp6,jfowlerko@tinyurl.com,62.00,
746,Wanda,Boston,48-(589)845-9183,Oneill,wcolekp,Kxd74S5A,wromerokp@about.me,52.89,34685.92
747,Johnny,Chicago,1-(419)415-1098,Leroy,jholmeskq,sZZavXB,jdiazkq@joomla.org,33.82,88317.44
748,Pamela,New York,48-(615)652-9029,Anniversary,pyoungkr,NiSj4Mk3XL,pjacobskr@amazon.de,59.82,
749,William,Boston,57-(799)560-3529,Monterey,wthomasks,NiR7Ntj4eyu,wsimsks@marriott.com,65.00,67878.92
750,Joseph,San Francisco,358-(381)913-0678,Pierstorff,jjohnstonkt,Mgm7pJpeJ,jmcdonaldkt@alibaba.com,27.87,68343.21
751,Theresa,Chicago,81-(110)265-7649,Meadow Vale,truizku,ianT5XTMmi,ttaylorku@simplemachines.org,39.00,114607.35
752,Angela,New York,976-(913)991-6893,Bonner,aschmidtkv,nI1tKv,achapmankv@yelp.com,52.80,77965.10
753,Donald,Boston,86-(743)307-6237,Johnson,dchavezkw,uB7YFFx5O9gZ,dcarrollkw@cnbc.com,56.11,37057.19
754,Ronald,San Francisco,33-(771)743-8645,Pepper Wood,rschmidtkx,EYnrZ4,rbennettkx@mashable.com,41.86,35148.88
755,Kathy,Boston,420-(454)443-2773,Texas,krayky,D5bLfnB8PlLG,ksimmonsky@yandex.ru,58.68,91150.14
756,Sharon,San Francisco,972-(453)302-4020,Fremont,sperezkz,prhvu6UZ2dq,swebbkz@clickbank.net,55.85,
757,Timothy,Boston,86-(642)802-0645,Barby,tmurrayl0,nYgqO9O2YZ,tlawrencel0@people.com.cn,28.68,83629.99
758,Ann,Chicago,86-(624)650-9109,Chive,abanksl1,z8shgFj6mBI,amorrisl1@yellowbook.com,34.07,93414.07
759,Peter,New York,1-(244)396-8995,Namekagon,pphillipsl2,tKiY9s7t,pclarkl2@nba.com,54.89,99147.69
760,Sean,Chicago,967-(143)873-2366,Summerview,sparkerl3,1J5SDxB4q,swallacel3@mashable.com,48.99,58057.23
761,Betty,Boston,212-(649)820-6361,Thierer,bramosl4,u9UpoAJ,bfordl4@usda.gov,51.44,104469.73
762,Norma,San Francisco,62-(442)778-6536,Moose,nadamsl5,ckiUNt09tH,nperezl5@netscape.com,56.97,
763,Harry,Chicago,55-(837)537-0789,Stone Corner,hmendozal6,soR1e94,hpalmerl6@sciencedirect.com,35.98,
764,Donna,Boston,7-(763)853-3005,Bay,dmorganl7,SijvYMb5Wh,dgardnerl7@amazon.com,31.53,
765,Donald,New York,351-(672)205-6294,Pond,dharperl8,GKvdYb6,dparkerl8@creativecommons.org,48.63,
766,Edward,Chicago,86-(276)487-7084,Grim,ehowelll9,zvtHW5RZKuV,eharrisonl9@comcast.net,27.05,33155.39
767,Evelyn,New York,86-(835)106-4971,Prairie Rose,ericela,MKmDUr2zE,efisherla@businesswire.com,33.22,110577.46
768,Lisa,San Francisco,380-(361)658-6231,Lindbergh,lperkinslb,BknDmVkLLSq,lgrantlb@vistaprint.com,27.78,
769,Beverly,San Francisco,63-(576)736-2819,Becker,bdanielslc,vARz8bcUm,bbaileylc@youtube.com,23.68,
770,Joseph,Chicago,62-(396)525-4174,Derek,jlawrenceld,0JwqtRr,jclarkld@merriam-webster.com,33.34,50952.61
771,Kelly,Boston,236-(823)228-1416,Fallview,kpetersonle,xzqck2cpjL,kgonzalezle@blogger.com,49.28,99897.15
772,Sandra,New York,62-(108)507-5125,Ryan,sgreenelf,ZleEcR,sparkerlf@cafepress.com,42.82,49419.29
773,Todd,Boston,86-(788)417-5025,Rusk,trodriguezlg,q7Q01RUA9f5,trobinsonlg@statcounter.com,27.68,34117.19
774,Jacqueline,San Francisco,86-(844)919-7867,Pond,jknightlh,vaLXei7niK,jcarterlh@columbia.edu,59.20,54478.68
775,Clarence,New York,7-(241)466-2472,Glacier Hill,cjamesli,FbiJSi3gyK,clarsonli@jugem.jp,49.47,112060.30
776,Jean,San Francisco,1-(419)488-0581,Bellgrove,jmorrislj,DJGgnDNIhe,jarnoldlj@bandcamp.com,22.08,115711.92
777,Kathy,Chicago,998-(315)951-1137,Holmberg,kduncanlk,EOkLaPu8K9c,kkelleylk@apache.org,25.06,
778,Alice,Chicago,63-(349)783-7567,Prairieview,amillsll,om4VWul8SoO,amoralesll@ox.ac.uk,32.21,61706.99
779,Fred,Boston,62-(886)807-2623,Melrose,ffloreslm,Y7FVwFZzSco,fcarrolllm@goodreads.com,37.86,102376.78
780,Ronald,San Francisco,250-(221)963-1469,Atwood,rmillsln,eEvkCbUSmku,rrileyln@mashable.com,54.24,118911.75
781,Daniel,Chicago,46-(331)808-7206,Brown,dramoslo,jeyrix0,dgriffinlo@trellian.com,36.04,
782,Donald,Boston,48-(994)746-5547,Texas,dhowelllp,ugo8kc7sfFG,dgonzalezlp@yahoo.co.jp,47.11,98804.88
783,Brandon,New York,92-(638)829-8119,Amoth,brobinsonlq,bdckYm,bcarterlq@blogger.com,56.24,
784,Beverly,New York,256-(804)595-1791,Eastlawn,balvarezlr,7Ujq2kPvnhv,bgomezlr@wordpress.com,24.80,76111.84
785,Irene,Chicago,86-(614)825-6053,Armistice,ikimls,4NBQ6JMX,iharrisonls@purevolume.com,44.22,
786,Karen,Boston,,Almo,kholmeslt,6KeK4j8KsDHC,kmedinalt@mediafire.com,35.05,80177.95
787,Donna,Boston,51-(500)143-9894,David,dmorenolu,Jv6w0ZzJWwP,dhansonlu@wikipedia.org,55.71,53721.72
788,Sandra,New York,86-(499)110-9966,Vahlen,sgraylv,SawAKKjoZ75,sgeorgelv@domainmarket.com,61.92,118636.34
789,Steve,Boston,27-(603)275-8800,Heath,srosslw,AWN5lkDWn5,sgrantlw@yolasite.com,45.55,71731.06
790,Joyce,Chicago,86-(736)859-6741,Erie,jcastillolx,a15eqix42ZWr,jrosslx@homestead.com,41.38,
791,Anna,San Francisco,963-(205)401-6313,Kipling,awheelerly,eObqUou,aphillipsly@webs.com,46.82,38111.80
792,Wanda,Boston,7-(589)414-1148,Transport,wwoodlz,6edYRBZ,whansonlz@booking.com,28.13,79225.68
793,Earl,San Francisco,,Anderson,ecunninghamm0,ngvClN,esullivanm0@slashdot.org,43.22,
794,Thomas,San Francisco,86-(180)447-8048,Oxford,tcollinsm1,SQGVMX,tramosm1@icq.com,64.15,77562.94
795,Betty,New York,381-(722)252-1159,Forest Run,bbakerm2,jWKh200rQM,bwatsonm2@forbes.com,47.25,97744.72
796,Diane,Chicago,46-(814)281-3117,Mcbride,dreidm3,zzrtootcPZ,dstonem3@google.ru,37.58,77593.03
797,Pamela,Boston,57-(433)402-0749,Autumn Leaf,pgomezm4,lk3T3K3p,preidm4@51.la,45.93,78625.09
798,Craig,San Francisco,,South,cwebbm5,OnDHkdMeQR,cfranklinm5@disqus.com,32.83,43921.63
799,Brian,New York,66-(885)573-7188,Melvin,bdeanm6,CgwwoxLF,bmillsm6@toplist.cz,29.70,92127.74
800,Theresa,Boston,51-(397)260-5347,Lyons,tshawm7,JGwgKo,tmasonm7@yellowbook.com,36.58,106538.71
801,Albert,Chicago,62-(843)150-3374,Ramsey,adeanm8,k3xrJ3y,aarnoldm8@who.int,40.82,54627.05
802,Victor,New York,,Melody,vhuntm9,osUwtn0j,vreedm9@oaic.gov.au,54.46,
803,Kevin,New York,62-(316)449-5496,Bartillon,kruizma,1lzBwgv2z,klittlema@harvard.edu,25.38,
804,Jimmy,San Francisco,,Westend,jfreemanmb,9hG5Rd,jburtonmb@taobao.com,59.03,82333.59
805,Craig,Boston,7-(929)726-5532,Jana,candrewsmc,iMWogip8wH,cmorrisonmc@un.org,36.49,
806,Marie,Boston,94-(797)111-6232,Acker,mjenkinsmd,sXsMBW1uvZ81,mbishopmd@utexas.edu,35.59,70139.94
807,Judy,Chicago,,Parkside,jriverame,csu7sm7P,jrobinsonme@time.com,47.61,105241.65
808,Anthony,New York,33-(305)322-5505,Brown,adanielsmf,ME8TcWn5L,asimpsonmf@sina.com.cn,36.49,84695.80
809,Phyllis,San Francisco,7-(583)218-8440,Butternut,pbennettmg,h1FQgeWN,pshawmg@redcross.org,36.17,
810,Ralph,San Francisco,86-(749)391-9792,Rigney,rromeromh,EKWxF1wcM8OW,rmillermh@angelfire.com,62.52,33659.78
811,Janice,Chicago,7-(236)826-0783,Little Fleur,jturnermi,kf4yPIWNHxn,jcollinsmi@goo.gl,52.62,
812,Arthur,San Francisco,381-(380)825-9400,Roth,ameyermj,whYYzjN53,afernandezmj@wp.com,44.59,87680.04
813,Kimberly,New York,86-(562)181-5753,Hudson,kreidmk,NmBqtYHg7h5,kfishermk@gov.uk,46.46,86293.39
814,Howard,New York,62-(283)805-0008,Pawling,hmontgomeryml,bqafgxlD8,hmorrisml@un.org,54.97,92901.22
815,Harold,San Francisco,55-(926)433-3637,Shelley,hdeanmm,HhTUUV7,hsullivanmm@ameblo.jp,34.38,
816,Irene,Boston,46-(682)537-4178,Little Fleur,icollinsmn,j1jKtQqMb,ituckermn@tiny.cc,53.62,113298.43
817,Joyce,Boston,381-(945)888-8751,Merrick,jandrewsmo,cWBT1VD,jwrightmo@economist.com,42.04,
818,Barbara,San Francisco,86-(818)190-5696,Pearson,bjohnsonmp,KSoVofQHE9,bcarrmp@smh.com.au,26.10,112830.30
819,Clarence,Chicago,86-(789)157-2881,Golf Course,cgreenemq,00BRiQwKmYDL,cwrightmq@vimeo.com,50.93,36945.18
820,Shawn,Boston,62-(123)682-5747,Granby,smorganmr,HGGLjCaTh,scrawfordmr@psu.edu,29.51,103193.50
821,Janet,Chicago,63-(919)378-6658,Bluejay,jjohnsonms,ipqXiwvrpb,jnicholsms@foxnews.com,41.29,75870.97
822,Frank,Chicago,86-(265)153-1928,Ridgeview,fwestmt,RML1W4D,fcarrollmt@ustream.tv,23.86,77586.60
823,Judith,San Francisco,57-(598)764-9752,Mayfield,jmorrismu,2SWAoyGCUMZm,jricemu@ocn.ne.jp,27.90,118453.99
824,Joseph,San Francisco,,Coleman,jhuntmv,hq9R8Vzfx,jgarciamv@geocities.jp,33.52,119098.66
825,Evelyn,Chicago,55-(678)250-2406,Bellgrove,efernandezmw,Etr0oIuWlgc,ewatsonmw@nba.com,51.54,38985.18
826,Arthur,Boston,1-(659)784-4402,Westerfield,ajonesmx,455dh50,arossmx@ycombinator.com,40.24,89153.63
827,Patricia,Boston,30-(951)864-5177,Sauthoff,pharpermy,bDGv6T,pharpermy@cbslocal.com,25.21,113633.00
828,Carlos,Boston,386-(271)100-2186,Stoughton,crussellmz,8OfmhvhMoX,cgarrettmz@fda.gov,25.56,
829,Marie,New York,93-(445)230-5462,Macpherson,mduncann0,ygs9IgZS6N,mdanielsn0@printfriendly.com,30.20,39442.34
830,Beverly,Boston,7-(873)657-9541,Mosinee,brosen1,kHPPxrgQ,bsnydern1@sogou.com,61.12,82008.14
831,Jose,Chicago,255-(836)273-0979,Eastlawn,jhartn2,lGFyzaj1Z,jbradleyn2@cocolog-nifty.com,60.30,30823.81
832,Patrick,Boston,55-(917)473-5574,Duke,phowardn3,N8XACb,pgonzalezn3@nba.com,51.51,
833,Brandon,New York,62-(349)909-1762,Onsgard,bcoxn4,k5VzZdFnZTpa,bsimsn4@live.com,56.87,46318.16
834,Donald,Boston,7-(540)930-7702,Randy,dcartern5,ETFxFkV,dgonzalesn5@si.edu,22.39,93304.40
835,Patrick,Chicago,57-(451)485-3280,Clove,pphillipsn6,VeYNz1ehtR,pcrawfordn6@ox.ac.uk,22.45,113251.85
836,Lisa,San Francisco,7-(773)273-1748,Continental,lreyesn7,5Rz8cPJQ9SE,lfoxn7@marriott.com,43.47,118130.98
837,Carl,Chicago,66-(956)545-8744,Ruskin,cpaynen8,Sg1iOve,cbryantn8@example.com,55.29,85738.85
838,Amanda,Boston,62-(509)612-2491,New Castle,ahernandezn9,Br5IrfHi,agonzalesn9@bluehost.com,34.99,34487.18
839,Timothy,Boston,86-(177)268-9313,Bunker Hill,tscottna,wVWaSWdL,tromerona@oakley.com,32.11,102067.52
840,Stephanie,Chicago,57-(592)594-9438,Fairfield,sryannb,mIXkE1ULR,smcdonaldnb@reddit.com,21.34,113667.93
841,Andrew,Chicago,84-(489)342-2547,Kropf,ajacksonnc,LRu43o,aadamsnc@yellowbook.com,27.27,64489.51
842,Irene,San Francisco,57-(871)439-3511,Nevada,ihartnd,Ih4qfV3ubAu,icunninghamnd@elpais.com,51.74,
843,Susan,Chicago,51-(715)456-7501,Mccormick,svasquezne,0Z1In2,snicholsne@gmpg.org,23.10,
844,Adam,San Francisco,51-(520)140-2705,Ridge Oak,atuckernf,1OFEjpf2,apalmernf@technorati.com,26.26,
845,Marilyn,Chicago,7-(764)264-5056,Crest Line,mhendersonng,3T9pQiC7DFgy,mlynchng@mashable.com,44.72,111254.85
846,Thomas,Chicago,86-(422)579-2935,Vernon,treidnh,58nlBADsS2x,tjohnstonnh@webeden.co.uk,51.42,59115.90
847,Barbara,San Francisco,1-(947)186-7709,Mccormick,bhowardni,URWsdIIyObU,bpetersni@cnbc.com,34.35,99707.30
848,Susan,New York,420-(344)542-4865,Fallview,sreednj,Y2HCA0T9hQ,sperrynj@weather.com,46.03,41359.93
849,Tina,Boston,86-(959)750-8869,Washington,tkelleynk,QL1jUfV,tfordnk@issuu.com,26.09,119995.12
850,Beverly,San Francisco,52-(478)301-1958,New Castle,blanenl,5n8FhID,bbakernl@nih.gov,46.35,101880.53
851,Eugene,Chicago,57-(398)702-6221,Debs,efosternm,XVItyVmvM7F,emorenonm@blog.com,58.04,
852,Kevin,New York,86-(700)388-0240,Sutteridge,kbishopnn,WPIguvaOV,kthompsonnn@photobucket.com,56.36,105660.68
853,Daniel,Boston,7-(614)110-8169,Mayfield,dfoxno,bfzda8G5eSVy,dwellsno@xing.com,53.78,89364.95
854,Jesse,Chicago,27-(705)122-6756,Gina,jfullernp,oXwz5NLeSil,jpetersonnp@npr.org,23.94,89224.50
855,Jimmy,Boston,86-(584)100-7359,Northridge,jcoxnq,J0pR5UN,jcooknq@exblog.jp,43.53,
856,Tina,Boston,46-(785)217-6335,Anhalt,tjonesnr,ZsymUcxh,tchaveznr@nps.gov,27.92,43071.70
857,Marilyn,San Francisco,48-(401)603-8466,Oxford,mcarpenterns,RazM4C,mknightns@indiatimes.com,63.13,116134.44
858,Pamela,New York,62-(522)959-1353,Debra,pstephensnt,TNHbTWzTn4g,pfosternt@hc360.com,44.72,
859,Bonnie,San Francisco,351-(516)886-8818,Sundown,bwagnernu,hdEL4E,bcooknu@aol.com,51.28,58730.96
860,Tammy,New York,355-(499)985-1518,Shasta,tbanksnv,pgsLxyDicPLN,tparkernv@paginegialle.it,63.73,49780.53
861,Lawrence,New York,95-(693)463-6963,Heffernan,lleenw,ffIDpCGmHMqz,lvasqueznw@posterous.com,43.73,74452.43
862,Jack,San Francisco,63-(484)356-4252,Elka,jhenrynx,d4kNyaBkD,jrobertsonnx@clickbank.net,28.80,74708.05
863,Beverly,Chicago,57-(190)492-0010,Packers,bsimmonsny,v2wQs5B,bgonzalesny@netvibes.com,28.24,38720.29
864,Brian,San Francisco,95-(929)944-3795,Fremont,bwelchnz,KTox7fYth,bhowardnz@stumbleupon.com,41.63,62128.11
865,Kathleen,New York,7-(221)945-7144,Johnson,kwilliamsono0,aGmaXB3zWuO,kboydo0@house.gov,33.07,119542.18
866,Edward,Chicago,,Buell,eramoso1,YKcuFI4,emoraleso1@time.com,23.39,53388.67
867,Clarence,Chicago,33-(732)191-8750,Troy,cgarzao2,Re72dj5VFA1i,cmatthewso2@japanpost.jp,40.30,89177.83
868,Sean,Boston,62-(424)187-3437,Oriole,slongo3,24FqdWtsE,sbaileyo3@imgur.com,44.60,114853.29
869,Sean,San Francisco,351-(893)315-3444,Hoard,skingo4,hfQimO,sturnero4@sakura.ne.jp,35.34,101710.11
870,Dennis,Boston,351-(980)898-8064,Ruskin,dleeo5,Eoks3rLk6pQ,darmstrongo5@purevolume.com,37.35,45921.34
871,Michelle,Boston,57-(721)990-0065,Tennessee,mgreeneo6,WYhdObFy7,mcruzo6@instagram.com,37.59,
872,Helen,Boston,86-(436)410-2004,Pawling,hcampbello7,uDAcWE6oPtJG,hcartero7@auda.org.au,61.60,56435.88
873,Craig,Boston,48-(111)773-7374,Tomscot,cfreemano8,aRBFfmjMOKkk,chendersono8@lycos.com,60.56,
874,Pamela,Boston,86-(301)403-7817,Green,phanseno9,RlvmwH,phowello9@hud.gov,58.79,
875,Shawn,New York,236-(612)944-0329,Maywood,sgibsonoa,NFXwccqTQuA,spierceoa@discovery.com,22.42,
876,Pamela,San Francisco,86-(576)697-0081,Ryan,ppierceob,DfRr5krttQsn,pduncanob@amazonaws.com,38.86,48819.83
877,Gloria,Boston,55-(599)988-3976,Bultman,gfieldsoc,jsgWCt3OtvW,gbishopoc@techcrunch.com,34.89,77568.85
878,Susan,New York,63-(886)740-6114,Stone Corner,scooperod,zFjUqXk6iW,scoxod@apache.org,42.03,105113.74
879,Kathryn,Boston,1-(127)878-4462,Service,krichardsonoe,h37v0aHH,kporteroe@about.com,63.99,34988.05
880,Wayne,San Francisco,998-(848)944-9774,Waubesa,wmontgomeryof,s98BTmlL3Sy,wkingof@ucsd.edu,29.59,42322.72
881,Linda,Chicago,62-(266)506-8842,Meadow Valley,lmurphyog,d9Z15vxUvDLy,lmurrayog@independent.co.uk,26.64,84217.58
882,Willie,Boston,86-(410)134-3218,Glendale,wkelleyoh,SMWeHt,wjohnsonoh@gov.uk,38.78,44028.17
883,Emily,Boston,63-(333)384-5393,Elmside,emontgomeryoi,ShZnqQ3CBGh,ejenkinsoi@t.co,29.59,85539.03
884,Kimberly,Chicago,98-(419)955-6074,Green,kweaveroj,bUybvtVqdD,kroseoj@parallels.com,61.17,91102.50
885,Susan,San Francisco,420-(793)604-6840,Kenwood,swallaceok,hV12fV5uQJ6,smeyerok@bigcartel.com,26.04,
886,Patricia,San Francisco,375-(669)199-4324,Kipling,pmatthewsol,EAxYu9,preyesol@w3.org,52.05,108973.59
887,Sean,New York,31-(176)224-2401,Nelson,sstanleyom,Z64c5TuyM0,smillerom@vinaora.com,38.39,50046.54
888,Ralph,San Francisco,57-(421)498-5210,Anthes,rpayneon,GtNoOB,rmartinezon@ca.gov,60.24,117663.74
889,Gloria,Chicago,55-(770)416-2863,Sheridan,gmartinoo,DMJOCRStwsT,gbutleroo@google.it,29.28,
890,Jimmy,San Francisco,7-(398)205-5901,Sachtjen,jrichardsop,ucQPGD,jvasquezop@drupal.org,34.56,102430.53
891,Fred,Chicago,351-(907)273-6025,Lillian,flongoq,oPFlfkI2D,fwoodsoq@studiopress.com,43.88,82781.31
892,Ruby,Boston,504-(537)938-9633,Hooker,rreynoldsor,vNfFHu8EAt,rperkinsor@home.pl,53.55,
893,Russell,Boston,269-(409)573-5304,Melvin,rmorganos,cdgKJYCMG,rriveraos@chron.com,43.84,82622.65
894,Michael,New York,55-(591)961-5238,Waywood,mstevensot,4TlOR4w2ny,mdavisot@exblog.jp,32.25,116991.10
895,Kathy,Chicago,385-(592)307-2239,Victoria,khowellou,LUUDqqGgPM,kwoodsou@admin.ch,38.37,
896,Russell,Chicago,86-(422)641-2222,Declaration,rwallaceov,fJf0i8,rleeov@squarespace.com,55.15,
897,Julia,San Francisco,55-(763)956-0357,Myrtle,jpattersonow,1IiSKApT,jburnsow@bloomberg.com,64.31,119684.45
898,Teresa,Chicago,57-(123)127-7957,Emmet,tmartinox,DPadAPT,tgordonox@ibm.com,50.52,30538.85
899,Pamela,San Francisco,,Grasskamp,pgeorgeoy,wnc3catB4qz,pbaileyoy@feedburner.com,44.10,
900,Richard,San Francisco,33-(697)295-2497,Sauthoff,rjordanoz,AF2QKo1MG,rwrightoz@lycos.com,57.58,
901,Wayne,New York,62-(100)459-9890,Hoffman,wfisherp0,pPyONva,wbennettp0@microsoft.com,56.34,49694.54
902,Lori,San Francisco,48-(655)317-6292,Monica,lortizp1,zzYmW0vdAfj,lwestp1@odnoklassniki.ru,36.83,110794.51
903,Billy,Boston,358-(987)998-0143,Bultman,blarsonp2,xesbeCMBkK6o,bspencerp2@netscape.com,40.34,112297.59
904,Harold,New York,62-(741)970-5113,Swallow,hburtonp3,S0gcbw2G,hedwardsp3@miibeian.gov.cn,47.97,115610.29
905,Karen,Chicago,55-(308)703-6742,Cardinal,kmorrisp4,xuUE8t9LbW,kgutierrezp4@studiopress.com,44.06,
906,Rachel,Boston,63-(230)772-5305,Wayridge,rfranklinp5,E97lsrFHdh,rcolemanp5@hostgator.com,34.29,33965.72
907,Andrea,Boston,51-(150)121-8914,Crownhardt,amoralesp6,4CORe7,abellp6@barnesandnoble.com,31.55,53130.31
908,Earl,New York,234-(119)662-8157,Forest Dale,emurphyp7,BjkBsw2Lb,efosterp7@ihg.com,32.02,68633.03
909,Helen,San Francisco,52-(543)412-9699,Gateway,hhughesp8,jrhwcs,hstewartp8@mapquest.com,48.06,
910,Donna,New York,93-(996)537-5263,Green Ridge,dgonzalesp9,DxVBrK,dcarpenterp9@tripadvisor.com,31.90,
911,Deborah,New York,63-(446)175-1043,Muir,darmstrongpa,m0UN9Tr,dfoxpa@amazon.co.jp,54.65,34525.04
912,Chris,Chicago,351-(267)553-7627,Fairfield,cgarzapb,eFArIoBJP0lc,cmurphypb@gravatar.com,48.67,77078.43
913,Betty,Chicago,63-(830)758-7632,Kenwood,bmedinapc,95nNJr2Qv5,bfisherpc@bloomberg.com,25.11,
914,Terry,New York,62-(291)850-5731,Eagan,treedpd,73utC3a,tmyerspd@theguardian.com,53.35,38774.03
915,Helen,San Francisco,351-(937)647-4403,Nancy,hpricepe,IdDggDr,hmatthewspe@networkadvertising.org,25.86,52977.60
916,Steven,San Francisco,63-(849)570-5532,Bluejay,scoxpf,E7817Wl4,shansenpf@forbes.com,28.37,51361.99
917,Eric,San Francisco,93-(973)445-2984,Annamark,ejacobspg,Dgf2djdby,emyerspg@phpbb.com,38.05,
918,Steve,San Francisco,351-(787)863-8712,Nancy,sdunnph,reTOhzl,sarnoldph@ning.com,34.82,82321.76
919,Marilyn,San Francisco,7-(769)233-9769,Crowley,mmatthewspi,L92EGO,mgarrettpi@earthlink.net,28.65,105048.16
920,Janet,Boston,62-(903)519-3269,Montana,jhansonpj,YCcHcsF,jfowlerpj@nature.com,34.64,49812.39
921,Mildred,Boston,55-(264)928-0654,Bartillon,mricepk,pv7XCp,mblackpk@dmoz.org,63.20,62045.86
922,Ann,Boston,30-(903)790-5171,Miller,ageorgepl,HwcB2sYAvT,awestpl@bloglines.com,24.38,99846.01
923,Walter,San Francisco,,Sutherland,wpowellpm,NJ47PIZV7,wlawrencepm@bluehost.com,40.64,
924,Andrew,Chicago,,Coleman,afieldspn,QiRxfcKzGZe,akellypn@tinyurl.com,37.48,
925,Lillian,New York,964-(630)155-3783,Northwestern,lruizpo,PTO8YXWQHZ,lpetersonpo@wordpress.com,57.73,114790.12
926,Patricia,New York,52-(566)687-7012,Nobel,pfergusonpp,Bbk3rv2bQ,pbrookspp@hubpages.com,48.41,89235.62
927,Jane,New York,254-(231)743-7637,Marcy,jhernandezpq,XbwHiwf,jpetersonpq@elegantthemes.com,42.10,93596.18
928,Emily,Boston,386-(402)867-1334,Johnson,ebrownpr,IJJqzU5lY,elarsonpr@admin.ch,46.16,
929,Gary,Chicago,,1st,gwellsps,oOFnlis45jss,gkellyps@studiopress.com,46.91,75326.13
930,Earl,New York,86-(878)757-0715,Del Sol,eedwardspt,gzMAgDLe,ejamespt@spiegel.de,56.96,52458.09
931,Ernest,New York,86-(574)330-9758,Erie,egordonpu,gKAqI6zXk2,erobertspu@nymag.com,39.18,
932,Frank,Boston,86-(889)986-8421,Morning,fspencerpv,VPWZPtn,fgardnerpv@i2i.jp,37.12,78494.24
933,Betty,New York,86-(121)232-8859,Reindahl,bevanspw,IjYET1movr,byoungpw@upenn.edu,40.92,91256.88
934,Roger,San Francisco,260-(742)465-2497,Morningstar,rscottpx,MfywDYqYZ8,rwellspx@hugedomains.com,42.44,83001.65
935,Judy,Chicago,,Bunker Hill,jrodriguezpy,ZxPIRA08,jlittlepy@moonfruit.com,22.62,
936,Kathleen,Boston,57-(300)459-4170,Main,kgardnerpz,qfFJj0Yko0eW,karnoldpz@cdbaby.com,64.23,30877.22
937,Rebecca,New York,57-(911)694-0115,Graceland,rperryq0,C99hAJ,rwardq0@walmart.com,38.25,52877.24
938,Rachel,San Francisco,62-(866)446-1370,Waywood,relliottq1,4aUfQtx,rmoralesq1@desdev.cn,35.30,50683.64
939,Catherine,New York,62-(647)469-7038,Tennyson,ccollinsq2,5v1I7zdwhl,cwheelerq2@instagram.com,53.94,48031.82
940,Judy,Boston,48-(814)592-6737,Milwaukee,jperryq3,BPpNOZPizp,jkingq3@sakura.ne.jp,51.64,76709.79
941,Phyllis,New York,86-(416)738-9338,Grasskamp,pvasquezq4,pte5DTr,pryanq4@sakura.ne.jp,57.93,114036.21
942,Keith,Chicago,86-(634)865-2436,Prairie Rose,kmartinezq5,WwIwPyl,klewisq5@gravatar.com,53.68,95947.79
943,Rebecca,San Francisco,86-(128)924-7958,Fallview,rhamiltonq6,rHQK4kZrGV,rjohnstonq6@de.vu,37.62,40714.81
944,James,New York,7-(894)326-1762,Dunning,jbellq7,gmOWLGX,jhayesq7@eventbrite.com,34.73,36025.20
945,Keith,Boston,45-(748)141-1707,Melrose,kwheelerq8,HI0wdOjwb51,klawsonq8@umich.edu,46.15,117439.22
946,Jack,Chicago,63-(947)617-7230,Waywood,jdavisq9,acTmQYDcS,jfloresq9@nsw.gov.au,26.05,77784.70
947,Justin,Boston,1-(216)209-1869,Brickson Park,jbellqa,K9UKgbT,jwilliamsqa@cisco.com,61.59,61938.09
948,David,San Francisco,231-(879)293-7214,Eastlawn,dmcdonaldqb,8weYUD2,dandrewsqb@arstechnica.com,54.61,99382.96
949,Kelly,Chicago,46-(315)108-1072,Service,kmartinqc,928Kew63jQQj,kboydqc@msu.edu,23.35,
950,John,Boston,81-(987)685-9186,Hazelcrest,jarnoldqd,yRA7uA,jtuckerqd@wufoo.com,22.16,
951,Clarence,Boston,62-(364)109-9350,Huxley,cmartinezqe,NOwiVd,cwardqe@sakura.ne.jp,58.45,83480.85
952,Kimberly,New York,63-(235)763-5826,Grim,kpalmerqf,xWJ0xdGjt,kwallaceqf@msn.com,46.65,92765.02
953,Wayne,New York,967-(471)991-6561,La Follette,wandersonqg,1ZFvJzwCXYu,wfordqg@psu.edu,53.92,78173.40
954,Wanda,San Francisco,86-(882)485-8505,Macpherson,wpowellqh,XNRR9gXUVq,wdiazqh@usa.gov,54.06,62928.67
955,Anne,Boston,48-(786)385-5461,Autumn Leaf,awardqi,gQs1Xd,amorenoqi@netscape.com,34.56,70832.98
956,Jimmy,New York,62-(537)946-3711,Saint Paul,jharveyqj,cnQUp7vEaJ,jrayqj@unesco.org,62.89,83494.67
957,William,New York,84-(811)876-9789,Vahlen,wlawsonqk,DXOoIXPR,wcastilloqk@hugedomains.com,49.18,70403.45
958,Evelyn,Chicago,63-(511)535-5695,Nova,eburtonql,6wXt2uY,esmithql@goo.gl,57.09,57587.86
959,Jessica,San Francisco,66-(148)708-5507,Melvin,jmendozaqm,UyT8jDKw,jwilliamsqm@dedecms.com,48.64,70881.85
960,Brandon,New York,251-(531)745-1025,Summer Ridge,bhernandezqn,fAkS8Lo,bwashingtonqn@google.com.hk,41.85,70181.05
961,Christine,San Francisco,86-(411)112-7386,Almo,ccarrollqo,p8dECTpfO,cmeyerqo@mac.com,56.58,103186.34
962,Douglas,San Francisco,,Reinke,dgarrettqp,3zk2UnE5,dstanleyqp@twitpic.com,22.74,34446.73
963,Jonathan,Chicago,7-(352)765-1122,Dixon,jkimqq,SsqcjkA3K,jrobertsqq@printfriendly.com,63.20,67115.76
964,Jesse,New York,962-(125)794-5841,Grayhawk,jmartinqr,Z1qMRI2,jjohnsonqr@ucoz.ru,53.59,86766.56
965,Harold,Chicago,504-(510)362-1497,Westerfield,haustinqs,W2MoAEo,hhamiltonqs@ed.gov,32.83,102700.34
966,Diana,Boston,502-(204)652-2587,Southridge,dmorrisqt,euyWHS,dmasonqt@soundcloud.com,43.82,102248.43
967,Shawn,Boston,,Maryland,sfosterqu,q2SFYCNN,srodriguezqu@nature.com,42.89,104107.30
968,Justin,New York,420-(619)504-0465,Sauthoff,jruizqv,SLKYVCBiPb,jmillerqv@paginegialle.it,58.05,118907.62
969,Amy,San Francisco,351-(439)100-3488,Nevada,awelchqw,Kt7CSPK9sF,amedinaqw@senate.gov,63.89,118591.85
970,Janet,Boston,86-(834)620-1319,Dovetail,jcarpenterqx,ZE5TjFM,jmillerqx@intel.com,56.89,53480.08
971,Samuel,New York,81-(889)315-6253,Hazelcrest,shansonqy,hvSOal,sdunnqy@sohu.com,57.14,81957.47
972,Lawrence,New York,375-(929)646-8648,Pawling,lcunninghamqz,PhVaxlfQ,lperkinsqz@craigslist.org,27.93,107060.59
973,Fred,Boston,7-(275)303-4036,Lerdahl,fvasquezr0,D2eWTSLs,fgrayr0@rambler.ru,33.14,
974,Kathleen,San Francisco,234-(362)494-6767,Vahlen,kdiazr1,nGPytlgHTz,krobinsonr1@miitbeian.gov.cn,62.70,96319.27
975,Karen,New York,351-(165)339-9574,Sloan,kduncanr2,MXIkrLXa,kandersonr2@zimbio.com,53.62,
976,Tina,Boston,66-(397)425-5199,Meadow Vale,tmasonr3,RYRV0Td,tstanleyr3@uiuc.edu,37.88,49886.16
977,Marie,Chicago,1-(891)859-9944,Nancy,mmendozar4,DzS6f40U,mbutlerr4@deliciousdays.com,36.34,
978,Shirley,New York,30-(241)598-4734,Paget,sandrewsr5,Fc7SHym,sgardnerr5@51.la,64.81,71410.89
979,Edward,Boston,86-(770)337-2514,Sachs,ehillr6,20ths1dT2o,elewisr6@blinklist.com,37.02,38717.58
980,Bobby,New York,54-(343)810-0464,Mesta,bgrahamr7,3crT2K4,bcoxr7@vkontakte.ru,41.54,116544.93
981,Patrick,New York,7-(600)954-3908,Northwestern,pkimr8,QpKvu0yAtFFV,pwatsonr8@ebay.com,38.08,
982,Andrew,New York,46-(564)295-7632,Eastwood,abrooksr9,nVaAZre,acarpenterr9@exblog.jp,32.22,101351.29
983,Jesse,San Francisco,86-(124)710-5131,Express,jricera,Y8N8zpZbr,jbrooksra@vinaora.com,57.31,49266.35
984,Douglas,San Francisco,7-(782)471-7014,Waxwing,dwellsrb,CPgB1brS,dgeorgerb@nytimes.com,35.89,46961.27
985,Raymond,Chicago,34-(489)821-1938,Bunting,rnelsonrc,DvNzNMYh7,rwoodrc@rambler.ru,49.32,64991.94
986,Harry,Chicago,46-(500)418-4830,Dennis,hwelchrd,9Ynlc20qSCt,hhartrd@blog.com,31.70,
987,Ernest,New York,34-(415)732-9557,Judy,ewoodre,uvot0s,emorrisonre@utexas.edu,31.44,40879.01
988,Thomas,Chicago,62-(906)639-9847,Doe Crossing,tedwardsrf,EgssMK,tsimpsonrf@washingtonpost.com,35.49,48878.62
989,Alice,Boston,52-(969)510-2652,Amoth,apattersonrg,eUv3CNXOb9p,amoralesrg@weibo.com,55.31,68812.03
990,Christina,Chicago,86-(227)429-2877,Badeau,crobertsonrh,FFGl1rKVp,chuntrh@ibm.com,56.64,83253.74
991,Jessica,Boston,86-(510)947-6088,Brickson Park,jgonzalesri,HtZIU4X1,jcollinsri@google.nl,45.53,104685.03
992,Adam,Boston,62-(561)957-9129,Mitchell,alawrencerj,019Fm2vJvs,aharveyrj@mediafire.com,23.16,
993,Samuel,Chicago,389-(824)370-3348,Golf,sduncanrk,KHYhpL3Rwuev,smillsrk@wikipedia.org,61.34,111685.08
994,David,San Francisco,62-(246)947-1737,Ridge Oak,dstevensrl,epFerKqTF,dwheelerrl@smh.com.au,54.50,
995,Beverly,Chicago,31-(966)693-0879,Oakridge,bricerm,09ujPLJgA,bcunninghamrm@bloomberg.com,31.21,109719.77
996,Michael,San Francisco,351-(509)260-2465,Lukken,mfosterrn,ejjfP28Ghf,mmcdonaldrn@sakura.ne.jp,59.62,
997,Lisa,Chicago,685-(304)959-1118,Crownhardt,lhuntro,Q8Fef0b,ldiazro@4shared.com,57.91,
998,Larry,San Francisco,33-(626)417-1624,Scofield,lgarrettrp,3T2b7VJqFzo,lrobertsonrp@deviantart.com,42.70,112815.82
999,Lisa,San Francisco,58-(867)572-0041,Cordelia,lrobertsonrq,SEgQdt,lwebbrq@deviantart.com,31.07,64091.76
1000,Diana,New York,62-(937)273-9891,Debra,dburkerr,5L6E8wGPj,dwilliamsrr@ifeng.com,29.28,107295.32
